ckpt,expert,key,shape,dtype,file
Wan2.2-TI2V-5B,default,blocks.0.cross_attn.k.bias,[3072],F32,diffusion_pytorch_model-00001-of-00003.safetensors
Wan2.2-TI2V-5B,default,blocks.0.cross_attn.k.weight,[3072, 3072],F32,diffusion_pytorch_model-00001-of-00003.safetensors
Wan2.2-TI2V-5B,default,blocks.0.cross_attn.norm_k.weight,[3072],F32,diffusion_pytorch_model-00001-of-00003.safetensors
Wan2.2-TI2V-5B,default,blocks.0.cross_attn.norm_q.weight,[3072],F32,diffusion_pytorch_model-00001-of-00003.safetensors
Wan2.2-TI2V-5B,default,blocks.0.cross_attn.o.bias,[3072],F32,diffusion_pytorch_model-00001-of-00003.safetensors
Wan2.2-TI2V-5B,default,blocks.0.cross_attn.o.weight,[3072, 3072],F32,diffusion_pytorch_model-00001-of-00003.safetensors
Wan2.2-TI2V-5B,default,blocks.0.cross_attn.q.bias,[3072],F32,diffusion_pytorch_model-00001-of-00003.safetensors
Wan2.2-TI2V-5B,default,blocks.0.cross_attn.q.weight,[3072, 3072],F32,diffusion_pytorch_model-00001-of-00003.safetensors
Wan2.2-TI2V-5B,default,blocks.0.cross_attn.v.bias,[3072],F32,diffusion_pytorch_model-00001-of-00003.safetensors
Wan2.2-TI2V-5B,default,blocks.0.cross_attn.v.weight,[3072, 3072],F32,diffusion_pytorch_model-00001-of-00003.safetensors
Wan2.2-TI2V-5B,default,blocks.0.ffn.0.bias,[14336],F32,diffusion_pytorch_model-00001-of-00003.safetensors
Wan2.2-TI2V-5B,default,blocks.0.ffn.0.weight,[14336, 3072],F32,diffusion_pytorch_model-00001-of-00003.safetensors
Wan2.2-TI2V-5B,default,blocks.0.ffn.2.bias,[3072],F32,diffusion_pytorch_model-00001-of-00003.safetensors
Wan2.2-TI2V-5B,default,blocks.0.ffn.2.weight,[3072, 14336],F32,diffusion_pytorch_model-00001-of-00003.safetensors
Wan2.2-TI2V-5B,default,blocks.0.modulation,[1, 6, 3072],F32,diffusion_pytorch_model-00001-of-00003.safetensors
Wan2.2-TI2V-5B,default,blocks.0.norm3.bias,[3072],F32,diffusion_pytorch_model-00001-of-00003.safetensors
Wan2.2-TI2V-5B,default,blocks.0.norm3.weight,[3072],F32,diffusion_pytorch_model-00001-of-00003.safetensors
Wan2.2-TI2V-5B,default,blocks.0.self_attn.k.bias,[3072],F32,diffusion_pytorch_model-00001-of-00003.safetensors
Wan2.2-TI2V-5B,default,blocks.0.self_attn.k.weight,[3072, 3072],F32,diffusion_pytorch_model-00001-of-00003.safetensors
Wan2.2-TI2V-5B,default,blocks.0.self_attn.norm_k.weight,[3072],F32,diffusion_pytorch_model-00001-of-00003.safetensors
Wan2.2-TI2V-5B,default,blocks.0.self_attn.norm_q.weight,[3072],F32,diffusion_pytorch_model-00001-of-00003.safetensors
Wan2.2-TI2V-5B,default,blocks.0.self_attn.o.bias,[3072],F32,diffusion_pytorch_model-00001-of-00003.safetensors
Wan2.2-TI2V-5B,default,blocks.0.self_attn.o.weight,[3072, 3072],F32,diffusion_pytorch_model-00001-of-00003.safetensors
Wan2.2-TI2V-5B,default,blocks.0.self_attn.q.bias,[3072],F32,diffusion_pytorch_model-00001-of-00003.safetensors
Wan2.2-TI2V-5B,default,blocks.0.self_attn.q.weight,[3072, 3072],F32,diffusion_pytorch_model-00001-of-00003.safetensors
Wan2.2-TI2V-5B,default,blocks.0.self_attn.v.bias,[3072],F32,diffusion_pytorch_model-00001-of-00003.safetensors
Wan2.2-TI2V-5B,default,blocks.0.self_attn.v.weight,[3072, 3072],F32,diffusion_pytorch_model-00001-of-00003.safetensors
Wan2.2-TI2V-5B,default,blocks.1.cross_attn.k.bias,[3072],F32,diffusion_pytorch_model-00001-of-00003.safetensors
Wan2.2-TI2V-5B,default,blocks.1.cross_attn.k.weight,[3072, 3072],F32,diffusion_pytorch_model-00001-of-00003.safetensors
Wan2.2-TI2V-5B,default,blocks.1.cross_attn.norm_k.weight,[3072],F32,diffusion_pytorch_model-00001-of-00003.safetensors
Wan2.2-TI2V-5B,default,blocks.1.cross_attn.norm_q.weight,[3072],F32,diffusion_pytorch_model-00001-of-00003.safetensors
Wan2.2-TI2V-5B,default,blocks.1.cross_attn.o.bias,[3072],F32,diffusion_pytorch_model-00001-of-00003.safetensors
Wan2.2-TI2V-5B,default,blocks.1.cross_attn.o.weight,[3072, 3072],F32,diffusion_pytorch_model-00001-of-00003.safetensors
Wan2.2-TI2V-5B,default,blocks.1.cross_attn.q.bias,[3072],F32,diffusion_pytorch_model-00001-of-00003.safetensors
Wan2.2-TI2V-5B,default,blocks.1.cross_attn.q.weight,[3072, 3072],F32,diffusion_pytorch_model-00001-of-00003.safetensors
Wan2.2-TI2V-5B,default,blocks.1.cross_attn.v.bias,[3072],F32,diffusion_pytorch_model-00001-of-00003.safetensors
Wan2.2-TI2V-5B,default,blocks.1.cross_attn.v.weight,[3072, 3072],F32,diffusion_pytorch_model-00001-of-00003.safetensors
Wan2.2-TI2V-5B,default,blocks.1.ffn.0.bias,[14336],F32,diffusion_pytorch_model-00001-of-00003.safetensors
Wan2.2-TI2V-5B,default,blocks.1.ffn.0.weight,[14336, 3072],F32,diffusion_pytorch_model-00001-of-00003.safetensors
Wan2.2-TI2V-5B,default,blocks.1.ffn.2.bias,[3072],F32,diffusion_pytorch_model-00001-of-00003.safetensors
Wan2.2-TI2V-5B,default,blocks.1.ffn.2.weight,[3072, 14336],F32,diffusion_pytorch_model-00001-of-00003.safetensors
Wan2.2-TI2V-5B,default,blocks.1.modulation,[1, 6, 3072],F32,diffusion_pytorch_model-00001-of-00003.safetensors
Wan2.2-TI2V-5B,default,blocks.1.norm3.bias,[3072],F32,diffusion_pytorch_model-00001-of-00003.safetensors
Wan2.2-TI2V-5B,default,blocks.1.norm3.weight,[3072],F32,diffusion_pytorch_model-00001-of-00003.safetensors
Wan2.2-TI2V-5B,default,blocks.1.self_attn.k.bias,[3072],F32,diffusion_pytorch_model-00001-of-00003.safetensors
Wan2.2-TI2V-5B,default,blocks.1.self_attn.k.weight,[3072, 3072],F32,diffusion_pytorch_model-00001-of-00003.safetensors
Wan2.2-TI2V-5B,default,blocks.1.self_attn.norm_k.weight,[3072],F32,diffusion_pytorch_model-00001-of-00003.safetensors
Wan2.2-TI2V-5B,default,blocks.1.self_attn.norm_q.weight,[3072],F32,diffusion_pytorch_model-00001-of-00003.safetensors
Wan2.2-TI2V-5B,default,blocks.1.self_attn.o.bias,[3072],F32,diffusion_pytorch_model-00001-of-00003.safetensors
Wan2.2-TI2V-5B,default,blocks.1.self_attn.o.weight,[3072, 3072],F32,diffusion_pytorch_model-00001-of-00003.safetensors
Wan2.2-TI2V-5B,default,blocks.1.self_attn.q.bias,[3072],F32,diffusion_pytorch_model-00001-of-00003.safetensors
Wan2.2-TI2V-5B,default,blocks.1.self_attn.q.weight,[3072, 3072],F32,diffusion_pytorch_model-00001-of-00003.safetensors
Wan2.2-TI2V-5B,default,blocks.1.self_attn.v.bias,[3072],F32,diffusion_pytorch_model-00001-of-00003.safetensors
Wan2.2-TI2V-5B,default,blocks.1.self_attn.v.weight,[3072, 3072],F32,diffusion_pytorch_model-00001-of-00003.safetensors
Wan2.2-TI2V-5B,default,blocks.10.cross_attn.k.bias,[3072],F32,diffusion_pytorch_model-00001-of-00003.safetensors
Wan2.2-TI2V-5B,default,blocks.10.cross_attn.k.weight,[3072, 3072],F32,diffusion_pytorch_model-00001-of-00003.safetensors
Wan2.2-TI2V-5B,default,blocks.10.cross_attn.norm_k.weight,[3072],F32,diffusion_pytorch_model-00001-of-00003.safetensors
Wan2.2-TI2V-5B,default,blocks.10.cross_attn.norm_q.weight,[3072],F32,diffusion_pytorch_model-00001-of-00003.safetensors
Wan2.2-TI2V-5B,default,blocks.10.cross_attn.o.bias,[3072],F32,diffusion_pytorch_model-00001-of-00003.safetensors
Wan2.2-TI2V-5B,default,blocks.10.cross_attn.o.weight,[3072, 3072],F32,diffusion_pytorch_model-00001-of-00003.safetensors
Wan2.2-TI2V-5B,default,blocks.10.cross_attn.q.bias,[3072],F32,diffusion_pytorch_model-00001-of-00003.safetensors
Wan2.2-TI2V-5B,default,blocks.10.cross_attn.q.weight,[3072, 3072],F32,diffusion_pytorch_model-00001-of-00003.safetensors
Wan2.2-TI2V-5B,default,blocks.10.cross_attn.v.bias,[3072],F32,diffusion_pytorch_model-00001-of-00003.safetensors
Wan2.2-TI2V-5B,default,blocks.10.cross_attn.v.weight,[3072, 3072],F32,diffusion_pytorch_model-00001-of-00003.safetensors
Wan2.2-TI2V-5B,default,blocks.10.ffn.0.bias,[14336],F32,diffusion_pytorch_model-00001-of-00003.safetensors
Wan2.2-TI2V-5B,default,blocks.10.ffn.0.weight,[14336, 3072],F32,diffusion_pytorch_model-00001-of-00003.safetensors
Wan2.2-TI2V-5B,default,blocks.10.ffn.2.bias,[3072],F32,diffusion_pytorch_model-00001-of-00003.safetensors
Wan2.2-TI2V-5B,default,blocks.10.ffn.2.weight,[3072, 14336],F32,diffusion_pytorch_model-00001-of-00003.safetensors
Wan2.2-TI2V-5B,default,blocks.10.modulation,[1, 6, 3072],F32,diffusion_pytorch_model-00001-of-00003.safetensors
Wan2.2-TI2V-5B,default,blocks.10.norm3.bias,[3072],F32,diffusion_pytorch_model-00001-of-00003.safetensors
Wan2.2-TI2V-5B,default,blocks.10.norm3.weight,[3072],F32,diffusion_pytorch_model-00001-of-00003.safetensors
Wan2.2-TI2V-5B,default,blocks.10.self_attn.k.bias,[3072],F32,diffusion_pytorch_model-00001-of-00003.safetensors
Wan2.2-TI2V-5B,default,blocks.10.self_attn.k.weight,[3072, 3072],F32,diffusion_pytorch_model-00001-of-00003.safetensors
Wan2.2-TI2V-5B,default,blocks.10.self_attn.norm_k.weight,[3072],F32,diffusion_pytorch_model-00001-of-00003.safetensors
Wan2.2-TI2V-5B,default,blocks.10.self_attn.norm_q.weight,[3072],F32,diffusion_pytorch_model-00001-of-00003.safetensors
Wan2.2-TI2V-5B,default,blocks.10.self_attn.o.bias,[3072],F32,diffusion_pytorch_model-00001-of-00003.safetensors
Wan2.2-TI2V-5B,default,blocks.10.self_attn.o.weight,[3072, 3072],F32,diffusion_pytorch_model-00001-of-00003.safetensors
Wan2.2-TI2V-5B,default,blocks.10.self_attn.q.bias,[3072],F32,diffusion_pytorch_model-00001-of-00003.safetensors
Wan2.2-TI2V-5B,default,blocks.10.self_attn.q.weight,[3072, 3072],F32,diffusion_pytorch_model-00001-of-00003.safetensors
Wan2.2-TI2V-5B,default,blocks.10.self_attn.v.bias,[3072],F32,diffusion_pytorch_model-00001-of-00003.safetensors
Wan2.2-TI2V-5B,default,blocks.10.self_attn.v.weight,[3072, 3072],F32,diffusion_pytorch_model-00001-of-00003.safetensors
Wan2.2-TI2V-5B,default,blocks.11.cross_attn.k.bias,[3072],F32,diffusion_pytorch_model-00001-of-00003.safetensors
Wan2.2-TI2V-5B,default,blocks.11.cross_attn.k.weight,[3072, 3072],F32,diffusion_pytorch_model-00001-of-00003.safetensors
Wan2.2-TI2V-5B,default,blocks.11.cross_attn.norm_k.weight,[3072],F32,diffusion_pytorch_model-00001-of-00003.safetensors
Wan2.2-TI2V-5B,default,blocks.11.cross_attn.norm_q.weight,[3072],F32,diffusion_pytorch_model-00001-of-00003.safetensors
Wan2.2-TI2V-5B,default,blocks.11.cross_attn.o.bias,[3072],F32,diffusion_pytorch_model-00001-of-00003.safetensors
Wan2.2-TI2V-5B,default,blocks.11.cross_attn.o.weight,[3072, 3072],F32,diffusion_pytorch_model-00001-of-00003.safetensors
Wan2.2-TI2V-5B,default,blocks.11.cross_attn.q.bias,[3072],F32,diffusion_pytorch_model-00001-of-00003.safetensors
Wan2.2-TI2V-5B,default,blocks.11.cross_attn.q.weight,[3072, 3072],F32,diffusion_pytorch_model-00001-of-00003.safetensors
Wan2.2-TI2V-5B,default,blocks.11.cross_attn.v.bias,[3072],F32,diffusion_pytorch_model-00001-of-00003.safetensors
Wan2.2-TI2V-5B,default,blocks.11.cross_attn.v.weight,[3072, 3072],F32,diffusion_pytorch_model-00001-of-00003.safetensors
Wan2.2-TI2V-5B,default,blocks.11.ffn.0.bias,[14336],F32,diffusion_pytorch_model-00001-of-00003.safetensors
Wan2.2-TI2V-5B,default,blocks.11.ffn.0.weight,[14336, 3072],F32,diffusion_pytorch_model-00001-of-00003.safetensors
Wan2.2-TI2V-5B,default,blocks.11.ffn.2.bias,[3072],F32,diffusion_pytorch_model-00001-of-00003.safetensors
Wan2.2-TI2V-5B,default,blocks.11.ffn.2.weight,[3072, 14336],F32,diffusion_pytorch_model-00001-of-00003.safetensors
Wan2.2-TI2V-5B,default,blocks.11.modulation,[1, 6, 3072],F32,diffusion_pytorch_model-00001-of-00003.safetensors
Wan2.2-TI2V-5B,default,blocks.11.norm3.bias,[3072],F32,diffusion_pytorch_model-00001-of-00003.safetensors
Wan2.2-TI2V-5B,default,blocks.11.norm3.weight,[3072],F32,diffusion_pytorch_model-00001-of-00003.safetensors
Wan2.2-TI2V-5B,default,blocks.11.self_attn.k.bias,[3072],F32,diffusion_pytorch_model-00001-of-00003.safetensors
Wan2.2-TI2V-5B,default,blocks.11.self_attn.k.weight,[3072, 3072],F32,diffusion_pytorch_model-00001-of-00003.safetensors
Wan2.2-TI2V-5B,default,blocks.11.self_attn.norm_k.weight,[3072],F32,diffusion_pytorch_model-00001-of-00003.safetensors
Wan2.2-TI2V-5B,default,blocks.11.self_attn.norm_q.weight,[3072],F32,diffusion_pytorch_model-00001-of-00003.safetensors
Wan2.2-TI2V-5B,default,blocks.11.self_attn.o.bias,[3072],F32,diffusion_pytorch_model-00001-of-00003.safetensors
Wan2.2-TI2V-5B,default,blocks.11.self_attn.o.weight,[3072, 3072],F32,diffusion_pytorch_model-00001-of-00003.safetensors
Wan2.2-TI2V-5B,default,blocks.11.self_attn.q.bias,[3072],F32,diffusion_pytorch_model-00001-of-00003.safetensors
Wan2.2-TI2V-5B,default,blocks.11.self_attn.q.weight,[3072, 3072],F32,diffusion_pytorch_model-00001-of-00003.safetensors
Wan2.2-TI2V-5B,default,blocks.11.self_attn.v.bias,[3072],F32,diffusion_pytorch_model-00001-of-00003.safetensors
Wan2.2-TI2V-5B,default,blocks.11.self_attn.v.weight,[3072, 3072],F32,diffusion_pytorch_model-00001-of-00003.safetensors
Wan2.2-TI2V-5B,default,blocks.12.cross_attn.k.bias,[3072],F32,diffusion_pytorch_model-00001-of-00003.safetensors
Wan2.2-TI2V-5B,default,blocks.12.cross_attn.k.weight,[3072, 3072],F32,diffusion_pytorch_model-00001-of-00003.safetensors
Wan2.2-TI2V-5B,default,blocks.12.cross_attn.norm_k.weight,[3072],F32,diffusion_pytorch_model-00001-of-00003.safetensors
Wan2.2-TI2V-5B,default,blocks.12.cross_attn.norm_q.weight,[3072],F32,diffusion_pytorch_model-00001-of-00003.safetensors
Wan2.2-TI2V-5B,default,blocks.12.cross_attn.o.bias,[3072],F32,diffusion_pytorch_model-00001-of-00003.safetensors
Wan2.2-TI2V-5B,default,blocks.12.cross_attn.o.weight,[3072, 3072],F32,diffusion_pytorch_model-00001-of-00003.safetensors
Wan2.2-TI2V-5B,default,blocks.12.cross_attn.q.bias,[3072],F32,diffusion_pytorch_model-00001-of-00003.safetensors
Wan2.2-TI2V-5B,default,blocks.12.cross_attn.q.weight,[3072, 3072],F32,diffusion_pytorch_model-00001-of-00003.safetensors
Wan2.2-TI2V-5B,default,blocks.12.cross_attn.v.bias,[3072],F32,diffusion_pytorch_model-00001-of-00003.safetensors
Wan2.2-TI2V-5B,default,blocks.12.cross_attn.v.weight,[3072, 3072],F32,diffusion_pytorch_model-00001-of-00003.safetensors
Wan2.2-TI2V-5B,default,blocks.12.ffn.0.bias,[14336],F32,diffusion_pytorch_model-00001-of-00003.safetensors
Wan2.2-TI2V-5B,default,blocks.12.ffn.0.weight,[14336, 3072],F32,diffusion_pytorch_model-00001-of-00003.safetensors
Wan2.2-TI2V-5B,default,blocks.12.ffn.2.bias,[3072],F32,diffusion_pytorch_model-00001-of-00003.safetensors
Wan2.2-TI2V-5B,default,blocks.12.ffn.2.weight,[3072, 14336],F32,diffusion_pytorch_model-00001-of-00003.safetensors
Wan2.2-TI2V-5B,default,blocks.12.modulation,[1, 6, 3072],F32,diffusion_pytorch_model-00001-of-00003.safetensors
Wan2.2-TI2V-5B,default,blocks.12.norm3.bias,[3072],F32,diffusion_pytorch_model-00001-of-00003.safetensors
Wan2.2-TI2V-5B,default,blocks.12.norm3.weight,[3072],F32,diffusion_pytorch_model-00001-of-00003.safetensors
Wan2.2-TI2V-5B,default,blocks.12.self_attn.k.bias,[3072],F32,diffusion_pytorch_model-00001-of-00003.safetensors
Wan2.2-TI2V-5B,default,blocks.12.self_attn.k.weight,[3072, 3072],F32,diffusion_pytorch_model-00001-of-00003.safetensors
Wan2.2-TI2V-5B,default,blocks.12.self_attn.norm_k.weight,[3072],F32,diffusion_pytorch_model-00001-of-00003.safetensors
Wan2.2-TI2V-5B,default,blocks.12.self_attn.norm_q.weight,[3072],F32,diffusion_pytorch_model-00001-of-00003.safetensors
Wan2.2-TI2V-5B,default,blocks.12.self_attn.o.bias,[3072],F32,diffusion_pytorch_model-00001-of-00003.safetensors
Wan2.2-TI2V-5B,default,blocks.12.self_attn.o.weight,[3072, 3072],F32,diffusion_pytorch_model-00001-of-00003.safetensors
Wan2.2-TI2V-5B,default,blocks.12.self_attn.q.bias,[3072],F32,diffusion_pytorch_model-00001-of-00003.safetensors
Wan2.2-TI2V-5B,default,blocks.12.self_attn.q.weight,[3072, 3072],F32,diffusion_pytorch_model-00001-of-00003.safetensors
Wan2.2-TI2V-5B,default,blocks.12.self_attn.v.bias,[3072],F32,diffusion_pytorch_model-00001-of-00003.safetensors
Wan2.2-TI2V-5B,default,blocks.12.self_attn.v.weight,[3072, 3072],F32,diffusion_pytorch_model-00001-of-00003.safetensors
Wan2.2-TI2V-5B,default,blocks.13.cross_attn.k.bias,[3072],F32,diffusion_pytorch_model-00001-of-00003.safetensors
Wan2.2-TI2V-5B,default,blocks.13.cross_attn.k.weight,[3072, 3072],F32,diffusion_pytorch_model-00001-of-00003.safetensors
Wan2.2-TI2V-5B,default,blocks.13.cross_attn.norm_k.weight,[3072],F32,diffusion_pytorch_model-00001-of-00003.safetensors
Wan2.2-TI2V-5B,default,blocks.13.cross_attn.norm_q.weight,[3072],F32,diffusion_pytorch_model-00001-of-00003.safetensors
Wan2.2-TI2V-5B,default,blocks.13.cross_attn.o.bias,[3072],F32,diffusion_pytorch_model-00001-of-00003.safetensors
Wan2.2-TI2V-5B,default,blocks.13.cross_attn.o.weight,[3072, 3072],F32,diffusion_pytorch_model-00001-of-00003.safetensors
Wan2.2-TI2V-5B,default,blocks.13.cross_attn.q.bias,[3072],F32,diffusion_pytorch_model-00001-of-00003.safetensors
Wan2.2-TI2V-5B,default,blocks.13.cross_attn.q.weight,[3072, 3072],F32,diffusion_pytorch_model-00001-of-00003.safetensors
Wan2.2-TI2V-5B,default,blocks.13.cross_attn.v.bias,[3072],F32,diffusion_pytorch_model-00001-of-00003.safetensors
Wan2.2-TI2V-5B,default,blocks.13.cross_attn.v.weight,[3072, 3072],F32,diffusion_pytorch_model-00001-of-00003.safetensors
Wan2.2-TI2V-5B,default,blocks.13.ffn.0.bias,[14336],F32,diffusion_pytorch_model-00001-of-00003.safetensors
Wan2.2-TI2V-5B,default,blocks.13.ffn.0.weight,[14336, 3072],F32,diffusion_pytorch_model-00001-of-00003.safetensors
Wan2.2-TI2V-5B,default,blocks.13.ffn.2.bias,[3072],F32,diffusion_pytorch_model-00001-of-00003.safetensors
Wan2.2-TI2V-5B,default,blocks.13.ffn.2.weight,[3072, 14336],F32,diffusion_pytorch_model-00001-of-00003.safetensors
Wan2.2-TI2V-5B,default,blocks.13.modulation,[1, 6, 3072],F32,diffusion_pytorch_model-00001-of-00003.safetensors
Wan2.2-TI2V-5B,default,blocks.13.norm3.bias,[3072],F32,diffusion_pytorch_model-00001-of-00003.safetensors
Wan2.2-TI2V-5B,default,blocks.13.norm3.weight,[3072],F32,diffusion_pytorch_model-00001-of-00003.safetensors
Wan2.2-TI2V-5B,default,blocks.13.self_attn.k.bias,[3072],F32,diffusion_pytorch_model-00001-of-00003.safetensors
Wan2.2-TI2V-5B,default,blocks.13.self_attn.k.weight,[3072, 3072],F32,diffusion_pytorch_model-00001-of-00003.safetensors
Wan2.2-TI2V-5B,default,blocks.13.self_attn.norm_k.weight,[3072],F32,diffusion_pytorch_model-00001-of-00003.safetensors
Wan2.2-TI2V-5B,default,blocks.13.self_attn.norm_q.weight,[3072],F32,diffusion_pytorch_model-00001-of-00003.safetensors
Wan2.2-TI2V-5B,default,blocks.13.self_attn.o.bias,[3072],F32,diffusion_pytorch_model-00001-of-00003.safetensors
Wan2.2-TI2V-5B,default,blocks.13.self_attn.o.weight,[3072, 3072],F32,diffusion_pytorch_model-00001-of-00003.safetensors
Wan2.2-TI2V-5B,default,blocks.13.self_attn.q.bias,[3072],F32,diffusion_pytorch_model-00001-of-00003.safetensors
Wan2.2-TI2V-5B,default,blocks.13.self_attn.q.weight,[3072, 3072],F32,diffusion_pytorch_model-00001-of-00003.safetensors
Wan2.2-TI2V-5B,default,blocks.13.self_attn.v.bias,[3072],F32,diffusion_pytorch_model-00001-of-00003.safetensors
Wan2.2-TI2V-5B,default,blocks.13.self_attn.v.weight,[3072, 3072],F32,diffusion_pytorch_model-00001-of-00003.safetensors
Wan2.2-TI2V-5B,default,blocks.14.cross_attn.k.bias,[3072],F32,diffusion_pytorch_model-00001-of-00003.safetensors
Wan2.2-TI2V-5B,default,blocks.14.cross_attn.k.weight,[3072, 3072],F32,diffusion_pytorch_model-00001-of-00003.safetensors
Wan2.2-TI2V-5B,default,blocks.14.cross_attn.norm_k.weight,[3072],F32,diffusion_pytorch_model-00001-of-00003.safetensors
Wan2.2-TI2V-5B,default,blocks.14.cross_attn.norm_q.weight,[3072],F32,diffusion_pytorch_model-00001-of-00003.safetensors
Wan2.2-TI2V-5B,default,blocks.14.cross_attn.o.bias,[3072],F32,diffusion_pytorch_model-00001-of-00003.safetensors
Wan2.2-TI2V-5B,default,blocks.14.cross_attn.o.weight,[3072, 3072],F32,diffusion_pytorch_model-00001-of-00003.safetensors
Wan2.2-TI2V-5B,default,blocks.14.cross_attn.q.bias,[3072],F32,diffusion_pytorch_model-00001-of-00003.safetensors
Wan2.2-TI2V-5B,default,blocks.14.cross_attn.q.weight,[3072, 3072],F32,diffusion_pytorch_model-00001-of-00003.safetensors
Wan2.2-TI2V-5B,default,blocks.14.cross_attn.v.bias,[3072],F32,diffusion_pytorch_model-00001-of-00003.safetensors
Wan2.2-TI2V-5B,default,blocks.14.cross_attn.v.weight,[3072, 3072],F32,diffusion_pytorch_model-00001-of-00003.safetensors
Wan2.2-TI2V-5B,default,blocks.14.ffn.0.bias,[14336],F32,diffusion_pytorch_model-00002-of-00003.safetensors
Wan2.2-TI2V-5B,default,blocks.14.ffn.0.weight,[14336, 3072],F32,diffusion_pytorch_model-00002-of-00003.safetensors
Wan2.2-TI2V-5B,default,blocks.14.ffn.2.bias,[3072],F32,diffusion_pytorch_model-00002-of-00003.safetensors
Wan2.2-TI2V-5B,default,blocks.14.ffn.2.weight,[3072, 14336],F32,diffusion_pytorch_model-00002-of-00003.safetensors
Wan2.2-TI2V-5B,default,blocks.14.modulation,[1, 6, 3072],F32,diffusion_pytorch_model-00001-of-00003.safetensors
Wan2.2-TI2V-5B,default,blocks.14.norm3.bias,[3072],F32,diffusion_pytorch_model-00001-of-00003.safetensors
Wan2.2-TI2V-5B,default,blocks.14.norm3.weight,[3072],F32,diffusion_pytorch_model-00001-of-00003.safetensors
Wan2.2-TI2V-5B,default,blocks.14.self_attn.k.bias,[3072],F32,diffusion_pytorch_model-00001-of-00003.safetensors
Wan2.2-TI2V-5B,default,blocks.14.self_attn.k.weight,[3072, 3072],F32,diffusion_pytorch_model-00001-of-00003.safetensors
Wan2.2-TI2V-5B,default,blocks.14.self_attn.norm_k.weight,[3072],F32,diffusion_pytorch_model-00001-of-00003.safetensors
Wan2.2-TI2V-5B,default,blocks.14.self_attn.norm_q.weight,[3072],F32,diffusion_pytorch_model-00001-of-00003.safetensors
Wan2.2-TI2V-5B,default,blocks.14.self_attn.o.bias,[3072],F32,diffusion_pytorch_model-00001-of-00003.safetensors
Wan2.2-TI2V-5B,default,blocks.14.self_attn.o.weight,[3072, 3072],F32,diffusion_pytorch_model-00001-of-00003.safetensors
Wan2.2-TI2V-5B,default,blocks.14.self_attn.q.bias,[3072],F32,diffusion_pytorch_model-00001-of-00003.safetensors
Wan2.2-TI2V-5B,default,blocks.14.self_attn.q.weight,[3072, 3072],F32,diffusion_pytorch_model-00001-of-00003.safetensors
Wan2.2-TI2V-5B,default,blocks.14.self_attn.v.bias,[3072],F32,diffusion_pytorch_model-00001-of-00003.safetensors
Wan2.2-TI2V-5B,default,blocks.14.self_attn.v.weight,[3072, 3072],F32,diffusion_pytorch_model-00001-of-00003.safetensors
Wan2.2-TI2V-5B,default,blocks.15.cross_attn.k.bias,[3072],F32,diffusion_pytorch_model-00002-of-00003.safetensors
Wan2.2-TI2V-5B,default,blocks.15.cross_attn.k.weight,[3072, 3072],F32,diffusion_pytorch_model-00002-of-00003.safetensors
Wan2.2-TI2V-5B,default,blocks.15.cross_attn.norm_k.weight,[3072],F32,diffusion_pytorch_model-00002-of-00003.safetensors
Wan2.2-TI2V-5B,default,blocks.15.cross_attn.norm_q.weight,[3072],F32,diffusion_pytorch_model-00002-of-00003.safetensors
Wan2.2-TI2V-5B,default,blocks.15.cross_attn.o.bias,[3072],F32,diffusion_pytorch_model-00002-of-00003.safetensors
Wan2.2-TI2V-5B,default,blocks.15.cross_attn.o.weight,[3072, 3072],F32,diffusion_pytorch_model-00002-of-00003.safetensors
Wan2.2-TI2V-5B,default,blocks.15.cross_attn.q.bias,[3072],F32,diffusion_pytorch_model-00002-of-00003.safetensors
Wan2.2-TI2V-5B,default,blocks.15.cross_attn.q.weight,[3072, 3072],F32,diffusion_pytorch_model-00002-of-00003.safetensors
Wan2.2-TI2V-5B,default,blocks.15.cross_attn.v.bias,[3072],F32,diffusion_pytorch_model-00002-of-00003.safetensors
Wan2.2-TI2V-5B,default,blocks.15.cross_attn.v.weight,[3072, 3072],F32,diffusion_pytorch_model-00002-of-00003.safetensors
Wan2.2-TI2V-5B,default,blocks.15.ffn.0.bias,[14336],F32,diffusion_pytorch_model-00002-of-00003.safetensors
Wan2.2-TI2V-5B,default,blocks.15.ffn.0.weight,[14336, 3072],F32,diffusion_pytorch_model-00002-of-00003.safetensors
Wan2.2-TI2V-5B,default,blocks.15.ffn.2.bias,[3072],F32,diffusion_pytorch_model-00002-of-00003.safetensors
Wan2.2-TI2V-5B,default,blocks.15.ffn.2.weight,[3072, 14336],F32,diffusion_pytorch_model-00002-of-00003.safetensors
Wan2.2-TI2V-5B,default,blocks.15.modulation,[1, 6, 3072],F32,diffusion_pytorch_model-00002-of-00003.safetensors
Wan2.2-TI2V-5B,default,blocks.15.norm3.bias,[3072],F32,diffusion_pytorch_model-00002-of-00003.safetensors
Wan2.2-TI2V-5B,default,blocks.15.norm3.weight,[3072],F32,diffusion_pytorch_model-00002-of-00003.safetensors
Wan2.2-TI2V-5B,default,blocks.15.self_attn.k.bias,[3072],F32,diffusion_pytorch_model-00002-of-00003.safetensors
Wan2.2-TI2V-5B,default,blocks.15.self_attn.k.weight,[3072, 3072],F32,diffusion_pytorch_model-00002-of-00003.safetensors
Wan2.2-TI2V-5B,default,blocks.15.self_attn.norm_k.weight,[3072],F32,diffusion_pytorch_model-00002-of-00003.safetensors
Wan2.2-TI2V-5B,default,blocks.15.self_attn.norm_q.weight,[3072],F32,diffusion_pytorch_model-00002-of-00003.safetensors
Wan2.2-TI2V-5B,default,blocks.15.self_attn.o.bias,[3072],F32,diffusion_pytorch_model-00002-of-00003.safetensors
Wan2.2-TI2V-5B,default,blocks.15.self_attn.o.weight,[3072, 3072],F32,diffusion_pytorch_model-00002-of-00003.safetensors
Wan2.2-TI2V-5B,default,blocks.15.self_attn.q.bias,[3072],F32,diffusion_pytorch_model-00002-of-00003.safetensors
Wan2.2-TI2V-5B,default,blocks.15.self_attn.q.weight,[3072, 3072],F32,diffusion_pytorch_model-00002-of-00003.safetensors
Wan2.2-TI2V-5B,default,blocks.15.self_attn.v.bias,[3072],F32,diffusion_pytorch_model-00002-of-00003.safetensors
Wan2.2-TI2V-5B,default,blocks.15.self_attn.v.weight,[3072, 3072],F32,diffusion_pytorch_model-00002-of-00003.safetensors
Wan2.2-TI2V-5B,default,blocks.16.cross_attn.k.bias,[3072],F32,diffusion_pytorch_model-00002-of-00003.safetensors
Wan2.2-TI2V-5B,default,blocks.16.cross_attn.k.weight,[3072, 3072],F32,diffusion_pytorch_model-00002-of-00003.safetensors
Wan2.2-TI2V-5B,default,blocks.16.cross_attn.norm_k.weight,[3072],F32,diffusion_pytorch_model-00002-of-00003.safetensors
Wan2.2-TI2V-5B,default,blocks.16.cross_attn.norm_q.weight,[3072],F32,diffusion_pytorch_model-00002-of-00003.safetensors
Wan2.2-TI2V-5B,default,blocks.16.cross_attn.o.bias,[3072],F32,diffusion_pytorch_model-00002-of-00003.safetensors
Wan2.2-TI2V-5B,default,blocks.16.cross_attn.o.weight,[3072, 3072],F32,diffusion_pytorch_model-00002-of-00003.safetensors
Wan2.2-TI2V-5B,default,blocks.16.cross_attn.q.bias,[3072],F32,diffusion_pytorch_model-00002-of-00003.safetensors
Wan2.2-TI2V-5B,default,blocks.16.cross_attn.q.weight,[3072, 3072],F32,diffusion_pytorch_model-00002-of-00003.safetensors
Wan2.2-TI2V-5B,default,blocks.16.cross_attn.v.bias,[3072],F32,diffusion_pytorch_model-00002-of-00003.safetensors
Wan2.2-TI2V-5B,default,blocks.16.cross_attn.v.weight,[3072, 3072],F32,diffusion_pytorch_model-00002-of-00003.safetensors
Wan2.2-TI2V-5B,default,blocks.16.ffn.0.bias,[14336],F32,diffusion_pytorch_model-00002-of-00003.safetensors
Wan2.2-TI2V-5B,default,blocks.16.ffn.0.weight,[14336, 3072],F32,diffusion_pytorch_model-00002-of-00003.safetensors
Wan2.2-TI2V-5B,default,blocks.16.ffn.2.bias,[3072],F32,diffusion_pytorch_model-00002-of-00003.safetensors
Wan2.2-TI2V-5B,default,blocks.16.ffn.2.weight,[3072, 14336],F32,diffusion_pytorch_model-00002-of-00003.safetensors
Wan2.2-TI2V-5B,default,blocks.16.modulation,[1, 6, 3072],F32,diffusion_pytorch_model-00002-of-00003.safetensors
Wan2.2-TI2V-5B,default,blocks.16.norm3.bias,[3072],F32,diffusion_pytorch_model-00002-of-00003.safetensors
Wan2.2-TI2V-5B,default,blocks.16.norm3.weight,[3072],F32,diffusion_pytorch_model-00002-of-00003.safetensors
Wan2.2-TI2V-5B,default,blocks.16.self_attn.k.bias,[3072],F32,diffusion_pytorch_model-00002-of-00003.safetensors
Wan2.2-TI2V-5B,default,blocks.16.self_attn.k.weight,[3072, 3072],F32,diffusion_pytorch_model-00002-of-00003.safetensors
Wan2.2-TI2V-5B,default,blocks.16.self_attn.norm_k.weight,[3072],F32,diffusion_pytorch_model-00002-of-00003.safetensors
Wan2.2-TI2V-5B,default,blocks.16.self_attn.norm_q.weight,[3072],F32,diffusion_pytorch_model-00002-of-00003.safetensors
Wan2.2-TI2V-5B,default,blocks.16.self_attn.o.bias,[3072],F32,diffusion_pytorch_model-00002-of-00003.safetensors
Wan2.2-TI2V-5B,default,blocks.16.self_attn.o.weight,[3072, 3072],F32,diffusion_pytorch_model-00002-of-00003.safetensors
Wan2.2-TI2V-5B,default,blocks.16.self_attn.q.bias,[3072],F32,diffusion_pytorch_model-00002-of-00003.safetensors
Wan2.2-TI2V-5B,default,blocks.16.self_attn.q.weight,[3072, 3072],F32,diffusion_pytorch_model-00002-of-00003.safetensors
Wan2.2-TI2V-5B,default,blocks.16.self_attn.v.bias,[3072],F32,diffusion_pytorch_model-00002-of-00003.safetensors
Wan2.2-TI2V-5B,default,blocks.16.self_attn.v.weight,[3072, 3072],F32,diffusion_pytorch_model-00002-of-00003.safetensors
Wan2.2-TI2V-5B,default,blocks.17.cross_attn.k.bias,[3072],F32,diffusion_pytorch_model-00002-of-00003.safetensors
Wan2.2-TI2V-5B,default,blocks.17.cross_attn.k.weight,[3072, 3072],F32,diffusion_pytorch_model-00002-of-00003.safetensors
Wan2.2-TI2V-5B,default,blocks.17.cross_attn.norm_k.weight,[3072],F32,diffusion_pytorch_model-00002-of-00003.safetensors
Wan2.2-TI2V-5B,default,blocks.17.cross_attn.norm_q.weight,[3072],F32,diffusion_pytorch_model-00002-of-00003.safetensors
Wan2.2-TI2V-5B,default,blocks.17.cross_attn.o.bias,[3072],F32,diffusion_pytorch_model-00002-of-00003.safetensors
Wan2.2-TI2V-5B,default,blocks.17.cross_attn.o.weight,[3072, 3072],F32,diffusion_pytorch_model-00002-of-00003.safetensors
Wan2.2-TI2V-5B,default,blocks.17.cross_attn.q.bias,[3072],F32,diffusion_pytorch_model-00002-of-00003.safetensors
Wan2.2-TI2V-5B,default,blocks.17.cross_attn.q.weight,[3072, 3072],F32,diffusion_pytorch_model-00002-of-00003.safetensors
Wan2.2-TI2V-5B,default,blocks.17.cross_attn.v.bias,[3072],F32,diffusion_pytorch_model-00002-of-00003.safetensors
Wan2.2-TI2V-5B,default,blocks.17.cross_attn.v.weight,[3072, 3072],F32,diffusion_pytorch_model-00002-of-00003.safetensors
Wan2.2-TI2V-5B,default,blocks.17.ffn.0.bias,[14336],F32,diffusion_pytorch_model-00002-of-00003.safetensors
Wan2.2-TI2V-5B,default,blocks.17.ffn.0.weight,[14336, 3072],F32,diffusion_pytorch_model-00002-of-00003.safetensors
Wan2.2-TI2V-5B,default,blocks.17.ffn.2.bias,[3072],F32,diffusion_pytorch_model-00002-of-00003.safetensors
Wan2.2-TI2V-5B,default,blocks.17.ffn.2.weight,[3072, 14336],F32,diffusion_pytorch_model-00002-of-00003.safetensors
Wan2.2-TI2V-5B,default,blocks.17.modulation,[1, 6, 3072],F32,diffusion_pytorch_model-00002-of-00003.safetensors
Wan2.2-TI2V-5B,default,blocks.17.norm3.bias,[3072],F32,diffusion_pytorch_model-00002-of-00003.safetensors
Wan2.2-TI2V-5B,default,blocks.17.norm3.weight,[3072],F32,diffusion_pytorch_model-00002-of-00003.safetensors
Wan2.2-TI2V-5B,default,blocks.17.self_attn.k.bias,[3072],F32,diffusion_pytorch_model-00002-of-00003.safetensors
Wan2.2-TI2V-5B,default,blocks.17.self_attn.k.weight,[3072, 3072],F32,diffusion_pytorch_model-00002-of-00003.safetensors
Wan2.2-TI2V-5B,default,blocks.17.self_attn.norm_k.weight,[3072],F32,diffusion_pytorch_model-00002-of-00003.safetensors
Wan2.2-TI2V-5B,default,blocks.17.self_attn.norm_q.weight,[3072],F32,diffusion_pytorch_model-00002-of-00003.safetensors
Wan2.2-TI2V-5B,default,blocks.17.self_attn.o.bias,[3072],F32,diffusion_pytorch_model-00002-of-00003.safetensors
Wan2.2-TI2V-5B,default,blocks.17.self_attn.o.weight,[3072, 3072],F32,diffusion_pytorch_model-00002-of-00003.safetensors
Wan2.2-TI2V-5B,default,blocks.17.self_attn.q.bias,[3072],F32,diffusion_pytorch_model-00002-of-00003.safetensors
Wan2.2-TI2V-5B,default,blocks.17.self_attn.q.weight,[3072, 3072],F32,diffusion_pytorch_model-00002-of-00003.safetensors
Wan2.2-TI2V-5B,default,blocks.17.self_attn.v.bias,[3072],F32,diffusion_pytorch_model-00002-of-00003.safetensors
Wan2.2-TI2V-5B,default,blocks.17.self_attn.v.weight,[3072, 3072],F32,diffusion_pytorch_model-00002-of-00003.safetensors
Wan2.2-TI2V-5B,default,blocks.18.cross_attn.k.bias,[3072],F32,diffusion_pytorch_model-00002-of-00003.safetensors
Wan2.2-TI2V-5B,default,blocks.18.cross_attn.k.weight,[3072, 3072],F32,diffusion_pytorch_model-00002-of-00003.safetensors
Wan2.2-TI2V-5B,default,blocks.18.cross_attn.norm_k.weight,[3072],F32,diffusion_pytorch_model-00002-of-00003.safetensors
Wan2.2-TI2V-5B,default,blocks.18.cross_attn.norm_q.weight,[3072],F32,diffusion_pytorch_model-00002-of-00003.safetensors
Wan2.2-TI2V-5B,default,blocks.18.cross_attn.o.bias,[3072],F32,diffusion_pytorch_model-00002-of-00003.safetensors
Wan2.2-TI2V-5B,default,blocks.18.cross_attn.o.weight,[3072, 3072],F32,diffusion_pytorch_model-00002-of-00003.safetensors
Wan2.2-TI2V-5B,default,blocks.18.cross_attn.q.bias,[3072],F32,diffusion_pytorch_model-00002-of-00003.safetensors
Wan2.2-TI2V-5B,default,blocks.18.cross_attn.q.weight,[3072, 3072],F32,diffusion_pytorch_model-00002-of-00003.safetensors
Wan2.2-TI2V-5B,default,blocks.18.cross_attn.v.bias,[3072],F32,diffusion_pytorch_model-00002-of-00003.safetensors
Wan2.2-TI2V-5B,default,blocks.18.cross_attn.v.weight,[3072, 3072],F32,diffusion_pytorch_model-00002-of-00003.safetensors
Wan2.2-TI2V-5B,default,blocks.18.ffn.0.bias,[14336],F32,diffusion_pytorch_model-00002-of-00003.safetensors
Wan2.2-TI2V-5B,default,blocks.18.ffn.0.weight,[14336, 3072],F32,diffusion_pytorch_model-00002-of-00003.safetensors
Wan2.2-TI2V-5B,default,blocks.18.ffn.2.bias,[3072],F32,diffusion_pytorch_model-00002-of-00003.safetensors
Wan2.2-TI2V-5B,default,blocks.18.ffn.2.weight,[3072, 14336],F32,diffusion_pytorch_model-00002-of-00003.safetensors
Wan2.2-TI2V-5B,default,blocks.18.modulation,[1, 6, 3072],F32,diffusion_pytorch_model-00002-of-00003.safetensors
Wan2.2-TI2V-5B,default,blocks.18.norm3.bias,[3072],F32,diffusion_pytorch_model-00002-of-00003.safetensors
Wan2.2-TI2V-5B,default,blocks.18.norm3.weight,[3072],F32,diffusion_pytorch_model-00002-of-00003.safetensors
Wan2.2-TI2V-5B,default,blocks.18.self_attn.k.bias,[3072],F32,diffusion_pytorch_model-00002-of-00003.safetensors
Wan2.2-TI2V-5B,default,blocks.18.self_attn.k.weight,[3072, 3072],F32,diffusion_pytorch_model-00002-of-00003.safetensors
Wan2.2-TI2V-5B,default,blocks.18.self_attn.norm_k.weight,[3072],F32,diffusion_pytorch_model-00002-of-00003.safetensors
Wan2.2-TI2V-5B,default,blocks.18.self_attn.norm_q.weight,[3072],F32,diffusion_pytorch_model-00002-of-00003.safetensors
Wan2.2-TI2V-5B,default,blocks.18.self_attn.o.bias,[3072],F32,diffusion_pytorch_model-00002-of-00003.safetensors
Wan2.2-TI2V-5B,default,blocks.18.self_attn.o.weight,[3072, 3072],F32,diffusion_pytorch_model-00002-of-00003.safetensors
Wan2.2-TI2V-5B,default,blocks.18.self_attn.q.bias,[3072],F32,diffusion_pytorch_model-00002-of-00003.safetensors
Wan2.2-TI2V-5B,default,blocks.18.self_attn.q.weight,[3072, 3072],F32,diffusion_pytorch_model-00002-of-00003.safetensors
Wan2.2-TI2V-5B,default,blocks.18.self_attn.v.bias,[3072],F32,diffusion_pytorch_model-00002-of-00003.safetensors
Wan2.2-TI2V-5B,default,blocks.18.self_attn.v.weight,[3072, 3072],F32,diffusion_pytorch_model-00002-of-00003.safetensors
Wan2.2-TI2V-5B,default,blocks.19.cross_attn.k.bias,[3072],F32,diffusion_pytorch_model-00002-of-00003.safetensors
Wan2.2-TI2V-5B,default,blocks.19.cross_attn.k.weight,[3072, 3072],F32,diffusion_pytorch_model-00002-of-00003.safetensors
Wan2.2-TI2V-5B,default,blocks.19.cross_attn.norm_k.weight,[3072],F32,diffusion_pytorch_model-00002-of-00003.safetensors
Wan2.2-TI2V-5B,default,blocks.19.cross_attn.norm_q.weight,[3072],F32,diffusion_pytorch_model-00002-of-00003.safetensors
Wan2.2-TI2V-5B,default,blocks.19.cross_attn.o.bias,[3072],F32,diffusion_pytorch_model-00002-of-00003.safetensors
Wan2.2-TI2V-5B,default,blocks.19.cross_attn.o.weight,[3072, 3072],F32,diffusion_pytorch_model-00002-of-00003.safetensors
Wan2.2-TI2V-5B,default,blocks.19.cross_attn.q.bias,[3072],F32,diffusion_pytorch_model-00002-of-00003.safetensors
Wan2.2-TI2V-5B,default,blocks.19.cross_attn.q.weight,[3072, 3072],F32,diffusion_pytorch_model-00002-of-00003.safetensors
Wan2.2-TI2V-5B,default,blocks.19.cross_attn.v.bias,[3072],F32,diffusion_pytorch_model-00002-of-00003.safetensors
Wan2.2-TI2V-5B,default,blocks.19.cross_attn.v.weight,[3072, 3072],F32,diffusion_pytorch_model-00002-of-00003.safetensors
Wan2.2-TI2V-5B,default,blocks.19.ffn.0.bias,[14336],F32,diffusion_pytorch_model-00002-of-00003.safetensors
Wan2.2-TI2V-5B,default,blocks.19.ffn.0.weight,[14336, 3072],F32,diffusion_pytorch_model-00002-of-00003.safetensors
Wan2.2-TI2V-5B,default,blocks.19.ffn.2.bias,[3072],F32,diffusion_pytorch_model-00002-of-00003.safetensors
Wan2.2-TI2V-5B,default,blocks.19.ffn.2.weight,[3072, 14336],F32,diffusion_pytorch_model-00002-of-00003.safetensors
Wan2.2-TI2V-5B,default,blocks.19.modulation,[1, 6, 3072],F32,diffusion_pytorch_model-00002-of-00003.safetensors
Wan2.2-TI2V-5B,default,blocks.19.norm3.bias,[3072],F32,diffusion_pytorch_model-00002-of-00003.safetensors
Wan2.2-TI2V-5B,default,blocks.19.norm3.weight,[3072],F32,diffusion_pytorch_model-00002-of-00003.safetensors
Wan2.2-TI2V-5B,default,blocks.19.self_attn.k.bias,[3072],F32,diffusion_pytorch_model-00002-of-00003.safetensors
Wan2.2-TI2V-5B,default,blocks.19.self_attn.k.weight,[3072, 3072],F32,diffusion_pytorch_model-00002-of-00003.safetensors
Wan2.2-TI2V-5B,default,blocks.19.self_attn.norm_k.weight,[3072],F32,diffusion_pytorch_model-00002-of-00003.safetensors
Wan2.2-TI2V-5B,default,blocks.19.self_attn.norm_q.weight,[3072],F32,diffusion_pytorch_model-00002-of-00003.safetensors
Wan2.2-TI2V-5B,default,blocks.19.self_attn.o.bias,[3072],F32,diffusion_pytorch_model-00002-of-00003.safetensors
Wan2.2-TI2V-5B,default,blocks.19.self_attn.o.weight,[3072, 3072],F32,diffusion_pytorch_model-00002-of-00003.safetensors
Wan2.2-TI2V-5B,default,blocks.19.self_attn.q.bias,[3072],F32,diffusion_pytorch_model-00002-of-00003.safetensors
Wan2.2-TI2V-5B,default,blocks.19.self_attn.q.weight,[3072, 3072],F32,diffusion_pytorch_model-00002-of-00003.safetensors
Wan2.2-TI2V-5B,default,blocks.19.self_attn.v.bias,[3072],F32,diffusion_pytorch_model-00002-of-00003.safetensors
Wan2.2-TI2V-5B,default,blocks.19.self_attn.v.weight,[3072, 3072],F32,diffusion_pytorch_model-00002-of-00003.safetensors
Wan2.2-TI2V-5B,default,blocks.2.cross_attn.k.bias,[3072],F32,diffusion_pytorch_model-00001-of-00003.safetensors
Wan2.2-TI2V-5B,default,blocks.2.cross_attn.k.weight,[3072, 3072],F32,diffusion_pytorch_model-00001-of-00003.safetensors
Wan2.2-TI2V-5B,default,blocks.2.cross_attn.norm_k.weight,[3072],F32,diffusion_pytorch_model-00001-of-00003.safetensors
Wan2.2-TI2V-5B,default,blocks.2.cross_attn.norm_q.weight,[3072],F32,diffusion_pytorch_model-00001-of-00003.safetensors
Wan2.2-TI2V-5B,default,blocks.2.cross_attn.o.bias,[3072],F32,diffusion_pytorch_model-00001-of-00003.safetensors
Wan2.2-TI2V-5B,default,blocks.2.cross_attn.o.weight,[3072, 3072],F32,diffusion_pytorch_model-00001-of-00003.safetensors
Wan2.2-TI2V-5B,default,blocks.2.cross_attn.q.bias,[3072],F32,diffusion_pytorch_model-00001-of-00003.safetensors
Wan2.2-TI2V-5B,default,blocks.2.cross_attn.q.weight,[3072, 3072],F32,diffusion_pytorch_model-00001-of-00003.safetensors
Wan2.2-TI2V-5B,default,blocks.2.cross_attn.v.bias,[3072],F32,diffusion_pytorch_model-00001-of-00003.safetensors
Wan2.2-TI2V-5B,default,blocks.2.cross_attn.v.weight,[3072, 3072],F32,diffusion_pytorch_model-00001-of-00003.safetensors
Wan2.2-TI2V-5B,default,blocks.2.ffn.0.bias,[14336],F32,diffusion_pytorch_model-00001-of-00003.safetensors
Wan2.2-TI2V-5B,default,blocks.2.ffn.0.weight,[14336, 3072],F32,diffusion_pytorch_model-00001-of-00003.safetensors
Wan2.2-TI2V-5B,default,blocks.2.ffn.2.bias,[3072],F32,diffusion_pytorch_model-00001-of-00003.safetensors
Wan2.2-TI2V-5B,default,blocks.2.ffn.2.weight,[3072, 14336],F32,diffusion_pytorch_model-00001-of-00003.safetensors
Wan2.2-TI2V-5B,default,blocks.2.modulation,[1, 6, 3072],F32,diffusion_pytorch_model-00001-of-00003.safetensors
Wan2.2-TI2V-5B,default,blocks.2.norm3.bias,[3072],F32,diffusion_pytorch_model-00001-of-00003.safetensors
Wan2.2-TI2V-5B,default,blocks.2.norm3.weight,[3072],F32,diffusion_pytorch_model-00001-of-00003.safetensors
Wan2.2-TI2V-5B,default,blocks.2.self_attn.k.bias,[3072],F32,diffusion_pytorch_model-00001-of-00003.safetensors
Wan2.2-TI2V-5B,default,blocks.2.self_attn.k.weight,[3072, 3072],F32,diffusion_pytorch_model-00001-of-00003.safetensors
Wan2.2-TI2V-5B,default,blocks.2.self_attn.norm_k.weight,[3072],F32,diffusion_pytorch_model-00001-of-00003.safetensors
Wan2.2-TI2V-5B,default,blocks.2.self_attn.norm_q.weight,[3072],F32,diffusion_pytorch_model-00001-of-00003.safetensors
Wan2.2-TI2V-5B,default,blocks.2.self_attn.o.bias,[3072],F32,diffusion_pytorch_model-00001-of-00003.safetensors
Wan2.2-TI2V-5B,default,blocks.2.self_attn.o.weight,[3072, 3072],F32,diffusion_pytorch_model-00001-of-00003.safetensors
Wan2.2-TI2V-5B,default,blocks.2.self_attn.q.bias,[3072],F32,diffusion_pytorch_model-00001-of-00003.safetensors
Wan2.2-TI2V-5B,default,blocks.2.self_attn.q.weight,[3072, 3072],F32,diffusion_pytorch_model-00001-of-00003.safetensors
Wan2.2-TI2V-5B,default,blocks.2.self_attn.v.bias,[3072],F32,diffusion_pytorch_model-00001-of-00003.safetensors
Wan2.2-TI2V-5B,default,blocks.2.self_attn.v.weight,[3072, 3072],F32,diffusion_pytorch_model-00001-of-00003.safetensors
Wan2.2-TI2V-5B,default,blocks.20.cross_attn.k.bias,[3072],F32,diffusion_pytorch_model-00002-of-00003.safetensors
Wan2.2-TI2V-5B,default,blocks.20.cross_attn.k.weight,[3072, 3072],F32,diffusion_pytorch_model-00002-of-00003.safetensors
Wan2.2-TI2V-5B,default,blocks.20.cross_attn.norm_k.weight,[3072],F32,diffusion_pytorch_model-00002-of-00003.safetensors
Wan2.2-TI2V-5B,default,blocks.20.cross_attn.norm_q.weight,[3072],F32,diffusion_pytorch_model-00002-of-00003.safetensors
Wan2.2-TI2V-5B,default,blocks.20.cross_attn.o.bias,[3072],F32,diffusion_pytorch_model-00002-of-00003.safetensors
Wan2.2-TI2V-5B,default,blocks.20.cross_attn.o.weight,[3072, 3072],F32,diffusion_pytorch_model-00002-of-00003.safetensors
Wan2.2-TI2V-5B,default,blocks.20.cross_attn.q.bias,[3072],F32,diffusion_pytorch_model-00002-of-00003.safetensors
Wan2.2-TI2V-5B,default,blocks.20.cross_attn.q.weight,[3072, 3072],F32,diffusion_pytorch_model-00002-of-00003.safetensors
Wan2.2-TI2V-5B,default,blocks.20.cross_attn.v.bias,[3072],F32,diffusion_pytorch_model-00002-of-00003.safetensors
Wan2.2-TI2V-5B,default,blocks.20.cross_attn.v.weight,[3072, 3072],F32,diffusion_pytorch_model-00002-of-00003.safetensors
Wan2.2-TI2V-5B,default,blocks.20.ffn.0.bias,[14336],F32,diffusion_pytorch_model-00002-of-00003.safetensors
Wan2.2-TI2V-5B,default,blocks.20.ffn.0.weight,[14336, 3072],F32,diffusion_pytorch_model-00002-of-00003.safetensors
Wan2.2-TI2V-5B,default,blocks.20.ffn.2.bias,[3072],F32,diffusion_pytorch_model-00002-of-00003.safetensors
Wan2.2-TI2V-5B,default,blocks.20.ffn.2.weight,[3072, 14336],F32,diffusion_pytorch_model-00002-of-00003.safetensors
Wan2.2-TI2V-5B,default,blocks.20.modulation,[1, 6, 3072],F32,diffusion_pytorch_model-00002-of-00003.safetensors
Wan2.2-TI2V-5B,default,blocks.20.norm3.bias,[3072],F32,diffusion_pytorch_model-00002-of-00003.safetensors
Wan2.2-TI2V-5B,default,blocks.20.norm3.weight,[3072],F32,diffusion_pytorch_model-00002-of-00003.safetensors
Wan2.2-TI2V-5B,default,blocks.20.self_attn.k.bias,[3072],F32,diffusion_pytorch_model-00002-of-00003.safetensors
Wan2.2-TI2V-5B,default,blocks.20.self_attn.k.weight,[3072, 3072],F32,diffusion_pytorch_model-00002-of-00003.safetensors
Wan2.2-TI2V-5B,default,blocks.20.self_attn.norm_k.weight,[3072],F32,diffusion_pytorch_model-00002-of-00003.safetensors
Wan2.2-TI2V-5B,default,blocks.20.self_attn.norm_q.weight,[3072],F32,diffusion_pytorch_model-00002-of-00003.safetensors
Wan2.2-TI2V-5B,default,blocks.20.self_attn.o.bias,[3072],F32,diffusion_pytorch_model-00002-of-00003.safetensors
Wan2.2-TI2V-5B,default,blocks.20.self_attn.o.weight,[3072, 3072],F32,diffusion_pytorch_model-00002-of-00003.safetensors
Wan2.2-TI2V-5B,default,blocks.20.self_attn.q.bias,[3072],F32,diffusion_pytorch_model-00002-of-00003.safetensors
Wan2.2-TI2V-5B,default,blocks.20.self_attn.q.weight,[3072, 3072],F32,diffusion_pytorch_model-00002-of-00003.safetensors
Wan2.2-TI2V-5B,default,blocks.20.self_attn.v.bias,[3072],F32,diffusion_pytorch_model-00002-of-00003.safetensors
Wan2.2-TI2V-5B,default,blocks.20.self_attn.v.weight,[3072, 3072],F32,diffusion_pytorch_model-00002-of-00003.safetensors
Wan2.2-TI2V-5B,default,blocks.21.cross_attn.k.bias,[3072],F32,diffusion_pytorch_model-00002-of-00003.safetensors
Wan2.2-TI2V-5B,default,blocks.21.cross_attn.k.weight,[3072, 3072],F32,diffusion_pytorch_model-00002-of-00003.safetensors
Wan2.2-TI2V-5B,default,blocks.21.cross_attn.norm_k.weight,[3072],F32,diffusion_pytorch_model-00002-of-00003.safetensors
Wan2.2-TI2V-5B,default,blocks.21.cross_attn.norm_q.weight,[3072],F32,diffusion_pytorch_model-00002-of-00003.safetensors
Wan2.2-TI2V-5B,default,blocks.21.cross_attn.o.bias,[3072],F32,diffusion_pytorch_model-00002-of-00003.safetensors
Wan2.2-TI2V-5B,default,blocks.21.cross_attn.o.weight,[3072, 3072],F32,diffusion_pytorch_model-00002-of-00003.safetensors
Wan2.2-TI2V-5B,default,blocks.21.cross_attn.q.bias,[3072],F32,diffusion_pytorch_model-00002-of-00003.safetensors
Wan2.2-TI2V-5B,default,blocks.21.cross_attn.q.weight,[3072, 3072],F32,diffusion_pytorch_model-00002-of-00003.safetensors
Wan2.2-TI2V-5B,default,blocks.21.cross_attn.v.bias,[3072],F32,diffusion_pytorch_model-00002-of-00003.safetensors
Wan2.2-TI2V-5B,default,blocks.21.cross_attn.v.weight,[3072, 3072],F32,diffusion_pytorch_model-00002-of-00003.safetensors
Wan2.2-TI2V-5B,default,blocks.21.ffn.0.bias,[14336],F32,diffusion_pytorch_model-00002-of-00003.safetensors
Wan2.2-TI2V-5B,default,blocks.21.ffn.0.weight,[14336, 3072],F32,diffusion_pytorch_model-00002-of-00003.safetensors
Wan2.2-TI2V-5B,default,blocks.21.ffn.2.bias,[3072],F32,diffusion_pytorch_model-00002-of-00003.safetensors
Wan2.2-TI2V-5B,default,blocks.21.ffn.2.weight,[3072, 14336],F32,diffusion_pytorch_model-00002-of-00003.safetensors
Wan2.2-TI2V-5B,default,blocks.21.modulation,[1, 6, 3072],F32,diffusion_pytorch_model-00002-of-00003.safetensors
Wan2.2-TI2V-5B,default,blocks.21.norm3.bias,[3072],F32,diffusion_pytorch_model-00002-of-00003.safetensors
Wan2.2-TI2V-5B,default,blocks.21.norm3.weight,[3072],F32,diffusion_pytorch_model-00002-of-00003.safetensors
Wan2.2-TI2V-5B,default,blocks.21.self_attn.k.bias,[3072],F32,diffusion_pytorch_model-00002-of-00003.safetensors
Wan2.2-TI2V-5B,default,blocks.21.self_attn.k.weight,[3072, 3072],F32,diffusion_pytorch_model-00002-of-00003.safetensors
Wan2.2-TI2V-5B,default,blocks.21.self_attn.norm_k.weight,[3072],F32,diffusion_pytorch_model-00002-of-00003.safetensors
Wan2.2-TI2V-5B,default,blocks.21.self_attn.norm_q.weight,[3072],F32,diffusion_pytorch_model-00002-of-00003.safetensors
Wan2.2-TI2V-5B,default,blocks.21.self_attn.o.bias,[3072],F32,diffusion_pytorch_model-00002-of-00003.safetensors
Wan2.2-TI2V-5B,default,blocks.21.self_attn.o.weight,[3072, 3072],F32,diffusion_pytorch_model-00002-of-00003.safetensors
Wan2.2-TI2V-5B,default,blocks.21.self_attn.q.bias,[3072],F32,diffusion_pytorch_model-00002-of-00003.safetensors
Wan2.2-TI2V-5B,default,blocks.21.self_attn.q.weight,[3072, 3072],F32,diffusion_pytorch_model-00002-of-00003.safetensors
Wan2.2-TI2V-5B,default,blocks.21.self_attn.v.bias,[3072],F32,diffusion_pytorch_model-00002-of-00003.safetensors
Wan2.2-TI2V-5B,default,blocks.21.self_attn.v.weight,[3072, 3072],F32,diffusion_pytorch_model-00002-of-00003.safetensors
Wan2.2-TI2V-5B,default,blocks.22.cross_attn.k.bias,[3072],F32,diffusion_pytorch_model-00002-of-00003.safetensors
Wan2.2-TI2V-5B,default,blocks.22.cross_attn.k.weight,[3072, 3072],F32,diffusion_pytorch_model-00002-of-00003.safetensors
Wan2.2-TI2V-5B,default,blocks.22.cross_attn.norm_k.weight,[3072],F32,diffusion_pytorch_model-00002-of-00003.safetensors
Wan2.2-TI2V-5B,default,blocks.22.cross_attn.norm_q.weight,[3072],F32,diffusion_pytorch_model-00002-of-00003.safetensors
Wan2.2-TI2V-5B,default,blocks.22.cross_attn.o.bias,[3072],F32,diffusion_pytorch_model-00002-of-00003.safetensors
Wan2.2-TI2V-5B,default,blocks.22.cross_attn.o.weight,[3072, 3072],F32,diffusion_pytorch_model-00002-of-00003.safetensors
Wan2.2-TI2V-5B,default,blocks.22.cross_attn.q.bias,[3072],F32,diffusion_pytorch_model-00002-of-00003.safetensors
Wan2.2-TI2V-5B,default,blocks.22.cross_attn.q.weight,[3072, 3072],F32,diffusion_pytorch_model-00002-of-00003.safetensors
Wan2.2-TI2V-5B,default,blocks.22.cross_attn.v.bias,[3072],F32,diffusion_pytorch_model-00002-of-00003.safetensors
Wan2.2-TI2V-5B,default,blocks.22.cross_attn.v.weight,[3072, 3072],F32,diffusion_pytorch_model-00002-of-00003.safetensors
Wan2.2-TI2V-5B,default,blocks.22.ffn.0.bias,[14336],F32,diffusion_pytorch_model-00002-of-00003.safetensors
Wan2.2-TI2V-5B,default,blocks.22.ffn.0.weight,[14336, 3072],F32,diffusion_pytorch_model-00002-of-00003.safetensors
Wan2.2-TI2V-5B,default,blocks.22.ffn.2.bias,[3072],F32,diffusion_pytorch_model-00002-of-00003.safetensors
Wan2.2-TI2V-5B,default,blocks.22.ffn.2.weight,[3072, 14336],F32,diffusion_pytorch_model-00002-of-00003.safetensors
Wan2.2-TI2V-5B,default,blocks.22.modulation,[1, 6, 3072],F32,diffusion_pytorch_model-00002-of-00003.safetensors
Wan2.2-TI2V-5B,default,blocks.22.norm3.bias,[3072],F32,diffusion_pytorch_model-00002-of-00003.safetensors
Wan2.2-TI2V-5B,default,blocks.22.norm3.weight,[3072],F32,diffusion_pytorch_model-00002-of-00003.safetensors
Wan2.2-TI2V-5B,default,blocks.22.self_attn.k.bias,[3072],F32,diffusion_pytorch_model-00002-of-00003.safetensors
Wan2.2-TI2V-5B,default,blocks.22.self_attn.k.weight,[3072, 3072],F32,diffusion_pytorch_model-00002-of-00003.safetensors
Wan2.2-TI2V-5B,default,blocks.22.self_attn.norm_k.weight,[3072],F32,diffusion_pytorch_model-00002-of-00003.safetensors
Wan2.2-TI2V-5B,default,blocks.22.self_attn.norm_q.weight,[3072],F32,diffusion_pytorch_model-00002-of-00003.safetensors
Wan2.2-TI2V-5B,default,blocks.22.self_attn.o.bias,[3072],F32,diffusion_pytorch_model-00002-of-00003.safetensors
Wan2.2-TI2V-5B,default,blocks.22.self_attn.o.weight,[3072, 3072],F32,diffusion_pytorch_model-00002-of-00003.safetensors
Wan2.2-TI2V-5B,default,blocks.22.self_attn.q.bias,[3072],F32,diffusion_pytorch_model-00002-of-00003.safetensors
Wan2.2-TI2V-5B,default,blocks.22.self_attn.q.weight,[3072, 3072],F32,diffusion_pytorch_model-00002-of-00003.safetensors
Wan2.2-TI2V-5B,default,blocks.22.self_attn.v.bias,[3072],F32,diffusion_pytorch_model-00002-of-00003.safetensors
Wan2.2-TI2V-5B,default,blocks.22.self_attn.v.weight,[3072, 3072],F32,diffusion_pytorch_model-00002-of-00003.safetensors
Wan2.2-TI2V-5B,default,blocks.23.cross_attn.k.bias,[3072],F32,diffusion_pytorch_model-00002-of-00003.safetensors
Wan2.2-TI2V-5B,default,blocks.23.cross_attn.k.weight,[3072, 3072],F32,diffusion_pytorch_model-00002-of-00003.safetensors
Wan2.2-TI2V-5B,default,blocks.23.cross_attn.norm_k.weight,[3072],F32,diffusion_pytorch_model-00002-of-00003.safetensors
Wan2.2-TI2V-5B,default,blocks.23.cross_attn.norm_q.weight,[3072],F32,diffusion_pytorch_model-00002-of-00003.safetensors
Wan2.2-TI2V-5B,default,blocks.23.cross_attn.o.bias,[3072],F32,diffusion_pytorch_model-00002-of-00003.safetensors
Wan2.2-TI2V-5B,default,blocks.23.cross_attn.o.weight,[3072, 3072],F32,diffusion_pytorch_model-00002-of-00003.safetensors
Wan2.2-TI2V-5B,default,blocks.23.cross_attn.q.bias,[3072],F32,diffusion_pytorch_model-00002-of-00003.safetensors
Wan2.2-TI2V-5B,default,blocks.23.cross_attn.q.weight,[3072, 3072],F32,diffusion_pytorch_model-00002-of-00003.safetensors
Wan2.2-TI2V-5B,default,blocks.23.cross_attn.v.bias,[3072],F32,diffusion_pytorch_model-00002-of-00003.safetensors
Wan2.2-TI2V-5B,default,blocks.23.cross_attn.v.weight,[3072, 3072],F32,diffusion_pytorch_model-00002-of-00003.safetensors
Wan2.2-TI2V-5B,default,blocks.23.ffn.0.bias,[14336],F32,diffusion_pytorch_model-00002-of-00003.safetensors
Wan2.2-TI2V-5B,default,blocks.23.ffn.0.weight,[14336, 3072],F32,diffusion_pytorch_model-00002-of-00003.safetensors
Wan2.2-TI2V-5B,default,blocks.23.ffn.2.bias,[3072],F32,diffusion_pytorch_model-00002-of-00003.safetensors
Wan2.2-TI2V-5B,default,blocks.23.ffn.2.weight,[3072, 14336],F32,diffusion_pytorch_model-00002-of-00003.safetensors
Wan2.2-TI2V-5B,default,blocks.23.modulation,[1, 6, 3072],F32,diffusion_pytorch_model-00002-of-00003.safetensors
Wan2.2-TI2V-5B,default,blocks.23.norm3.bias,[3072],F32,diffusion_pytorch_model-00002-of-00003.safetensors
Wan2.2-TI2V-5B,default,blocks.23.norm3.weight,[3072],F32,diffusion_pytorch_model-00002-of-00003.safetensors
Wan2.2-TI2V-5B,default,blocks.23.self_attn.k.bias,[3072],F32,diffusion_pytorch_model-00002-of-00003.safetensors
Wan2.2-TI2V-5B,default,blocks.23.self_attn.k.weight,[3072, 3072],F32,diffusion_pytorch_model-00002-of-00003.safetensors
Wan2.2-TI2V-5B,default,blocks.23.self_attn.norm_k.weight,[3072],F32,diffusion_pytorch_model-00002-of-00003.safetensors
Wan2.2-TI2V-5B,default,blocks.23.self_attn.norm_q.weight,[3072],F32,diffusion_pytorch_model-00002-of-00003.safetensors
Wan2.2-TI2V-5B,default,blocks.23.self_attn.o.bias,[3072],F32,diffusion_pytorch_model-00002-of-00003.safetensors
Wan2.2-TI2V-5B,default,blocks.23.self_attn.o.weight,[3072, 3072],F32,diffusion_pytorch_model-00002-of-00003.safetensors
Wan2.2-TI2V-5B,default,blocks.23.self_attn.q.bias,[3072],F32,diffusion_pytorch_model-00002-of-00003.safetensors
Wan2.2-TI2V-5B,default,blocks.23.self_attn.q.weight,[3072, 3072],F32,diffusion_pytorch_model-00002-of-00003.safetensors
Wan2.2-TI2V-5B,default,blocks.23.self_attn.v.bias,[3072],F32,diffusion_pytorch_model-00002-of-00003.safetensors
Wan2.2-TI2V-5B,default,blocks.23.self_attn.v.weight,[3072, 3072],F32,diffusion_pytorch_model-00002-of-00003.safetensors
Wan2.2-TI2V-5B,default,blocks.24.cross_attn.k.bias,[3072],F32,diffusion_pytorch_model-00002-of-00003.safetensors
Wan2.2-TI2V-5B,default,blocks.24.cross_attn.k.weight,[3072, 3072],F32,diffusion_pytorch_model-00002-of-00003.safetensors
Wan2.2-TI2V-5B,default,blocks.24.cross_attn.norm_k.weight,[3072],F32,diffusion_pytorch_model-00002-of-00003.safetensors
Wan2.2-TI2V-5B,default,blocks.24.cross_attn.norm_q.weight,[3072],F32,diffusion_pytorch_model-00002-of-00003.safetensors
Wan2.2-TI2V-5B,default,blocks.24.cross_attn.o.bias,[3072],F32,diffusion_pytorch_model-00002-of-00003.safetensors
Wan2.2-TI2V-5B,default,blocks.24.cross_attn.o.weight,[3072, 3072],F32,diffusion_pytorch_model-00002-of-00003.safetensors
Wan2.2-TI2V-5B,default,blocks.24.cross_attn.q.bias,[3072],F32,diffusion_pytorch_model-00002-of-00003.safetensors
Wan2.2-TI2V-5B,default,blocks.24.cross_attn.q.weight,[3072, 3072],F32,diffusion_pytorch_model-00002-of-00003.safetensors
Wan2.2-TI2V-5B,default,blocks.24.cross_attn.v.bias,[3072],F32,diffusion_pytorch_model-00002-of-00003.safetensors
Wan2.2-TI2V-5B,default,blocks.24.cross_attn.v.weight,[3072, 3072],F32,diffusion_pytorch_model-00002-of-00003.safetensors
Wan2.2-TI2V-5B,default,blocks.24.ffn.0.bias,[14336],F32,diffusion_pytorch_model-00002-of-00003.safetensors
Wan2.2-TI2V-5B,default,blocks.24.ffn.0.weight,[14336, 3072],F32,diffusion_pytorch_model-00002-of-00003.safetensors
Wan2.2-TI2V-5B,default,blocks.24.ffn.2.bias,[3072],F32,diffusion_pytorch_model-00002-of-00003.safetensors
Wan2.2-TI2V-5B,default,blocks.24.ffn.2.weight,[3072, 14336],F32,diffusion_pytorch_model-00002-of-00003.safetensors
Wan2.2-TI2V-5B,default,blocks.24.modulation,[1, 6, 3072],F32,diffusion_pytorch_model-00002-of-00003.safetensors
Wan2.2-TI2V-5B,default,blocks.24.norm3.bias,[3072],F32,diffusion_pytorch_model-00002-of-00003.safetensors
Wan2.2-TI2V-5B,default,blocks.24.norm3.weight,[3072],F32,diffusion_pytorch_model-00002-of-00003.safetensors
Wan2.2-TI2V-5B,default,blocks.24.self_attn.k.bias,[3072],F32,diffusion_pytorch_model-00002-of-00003.safetensors
Wan2.2-TI2V-5B,default,blocks.24.self_attn.k.weight,[3072, 3072],F32,diffusion_pytorch_model-00002-of-00003.safetensors
Wan2.2-TI2V-5B,default,blocks.24.self_attn.norm_k.weight,[3072],F32,diffusion_pytorch_model-00002-of-00003.safetensors
Wan2.2-TI2V-5B,default,blocks.24.self_attn.norm_q.weight,[3072],F32,diffusion_pytorch_model-00002-of-00003.safetensors
Wan2.2-TI2V-5B,default,blocks.24.self_attn.o.bias,[3072],F32,diffusion_pytorch_model-00002-of-00003.safetensors
Wan2.2-TI2V-5B,default,blocks.24.self_attn.o.weight,[3072, 3072],F32,diffusion_pytorch_model-00002-of-00003.safetensors
Wan2.2-TI2V-5B,default,blocks.24.self_attn.q.bias,[3072],F32,diffusion_pytorch_model-00002-of-00003.safetensors
Wan2.2-TI2V-5B,default,blocks.24.self_attn.q.weight,[3072, 3072],F32,diffusion_pytorch_model-00002-of-00003.safetensors
Wan2.2-TI2V-5B,default,blocks.24.self_attn.v.bias,[3072],F32,diffusion_pytorch_model-00002-of-00003.safetensors
Wan2.2-TI2V-5B,default,blocks.24.self_attn.v.weight,[3072, 3072],F32,diffusion_pytorch_model-00002-of-00003.safetensors
Wan2.2-TI2V-5B,default,blocks.25.cross_attn.k.bias,[3072],F32,diffusion_pytorch_model-00002-of-00003.safetensors
Wan2.2-TI2V-5B,default,blocks.25.cross_attn.k.weight,[3072, 3072],F32,diffusion_pytorch_model-00002-of-00003.safetensors
Wan2.2-TI2V-5B,default,blocks.25.cross_attn.norm_k.weight,[3072],F32,diffusion_pytorch_model-00002-of-00003.safetensors
Wan2.2-TI2V-5B,default,blocks.25.cross_attn.norm_q.weight,[3072],F32,diffusion_pytorch_model-00002-of-00003.safetensors
Wan2.2-TI2V-5B,default,blocks.25.cross_attn.o.bias,[3072],F32,diffusion_pytorch_model-00002-of-00003.safetensors
Wan2.2-TI2V-5B,default,blocks.25.cross_attn.o.weight,[3072, 3072],F32,diffusion_pytorch_model-00002-of-00003.safetensors
Wan2.2-TI2V-5B,default,blocks.25.cross_attn.q.bias,[3072],F32,diffusion_pytorch_model-00002-of-00003.safetensors
Wan2.2-TI2V-5B,default,blocks.25.cross_attn.q.weight,[3072, 3072],F32,diffusion_pytorch_model-00002-of-00003.safetensors
Wan2.2-TI2V-5B,default,blocks.25.cross_attn.v.bias,[3072],F32,diffusion_pytorch_model-00002-of-00003.safetensors
Wan2.2-TI2V-5B,default,blocks.25.cross_attn.v.weight,[3072, 3072],F32,diffusion_pytorch_model-00002-of-00003.safetensors
Wan2.2-TI2V-5B,default,blocks.25.ffn.0.bias,[14336],F32,diffusion_pytorch_model-00002-of-00003.safetensors
Wan2.2-TI2V-5B,default,blocks.25.ffn.0.weight,[14336, 3072],F32,diffusion_pytorch_model-00002-of-00003.safetensors
Wan2.2-TI2V-5B,default,blocks.25.ffn.2.bias,[3072],F32,diffusion_pytorch_model-00002-of-00003.safetensors
Wan2.2-TI2V-5B,default,blocks.25.ffn.2.weight,[3072, 14336],F32,diffusion_pytorch_model-00002-of-00003.safetensors
Wan2.2-TI2V-5B,default,blocks.25.modulation,[1, 6, 3072],F32,diffusion_pytorch_model-00002-of-00003.safetensors
Wan2.2-TI2V-5B,default,blocks.25.norm3.bias,[3072],F32,diffusion_pytorch_model-00002-of-00003.safetensors
Wan2.2-TI2V-5B,default,blocks.25.norm3.weight,[3072],F32,diffusion_pytorch_model-00002-of-00003.safetensors
Wan2.2-TI2V-5B,default,blocks.25.self_attn.k.bias,[3072],F32,diffusion_pytorch_model-00002-of-00003.safetensors
Wan2.2-TI2V-5B,default,blocks.25.self_attn.k.weight,[3072, 3072],F32,diffusion_pytorch_model-00002-of-00003.safetensors
Wan2.2-TI2V-5B,default,blocks.25.self_attn.norm_k.weight,[3072],F32,diffusion_pytorch_model-00002-of-00003.safetensors
Wan2.2-TI2V-5B,default,blocks.25.self_attn.norm_q.weight,[3072],F32,diffusion_pytorch_model-00002-of-00003.safetensors
Wan2.2-TI2V-5B,default,blocks.25.self_attn.o.bias,[3072],F32,diffusion_pytorch_model-00002-of-00003.safetensors
Wan2.2-TI2V-5B,default,blocks.25.self_attn.o.weight,[3072, 3072],F32,diffusion_pytorch_model-00002-of-00003.safetensors
Wan2.2-TI2V-5B,default,blocks.25.self_attn.q.bias,[3072],F32,diffusion_pytorch_model-00002-of-00003.safetensors
Wan2.2-TI2V-5B,default,blocks.25.self_attn.q.weight,[3072, 3072],F32,diffusion_pytorch_model-00002-of-00003.safetensors
Wan2.2-TI2V-5B,default,blocks.25.self_attn.v.bias,[3072],F32,diffusion_pytorch_model-00002-of-00003.safetensors
Wan2.2-TI2V-5B,default,blocks.25.self_attn.v.weight,[3072, 3072],F32,diffusion_pytorch_model-00002-of-00003.safetensors
Wan2.2-TI2V-5B,default,blocks.26.cross_attn.k.bias,[3072],F32,diffusion_pytorch_model-00002-of-00003.safetensors
Wan2.2-TI2V-5B,default,blocks.26.cross_attn.k.weight,[3072, 3072],F32,diffusion_pytorch_model-00002-of-00003.safetensors
Wan2.2-TI2V-5B,default,blocks.26.cross_attn.norm_k.weight,[3072],F32,diffusion_pytorch_model-00002-of-00003.safetensors
Wan2.2-TI2V-5B,default,blocks.26.cross_attn.norm_q.weight,[3072],F32,diffusion_pytorch_model-00002-of-00003.safetensors
Wan2.2-TI2V-5B,default,blocks.26.cross_attn.o.bias,[3072],F32,diffusion_pytorch_model-00002-of-00003.safetensors
Wan2.2-TI2V-5B,default,blocks.26.cross_attn.o.weight,[3072, 3072],F32,diffusion_pytorch_model-00002-of-00003.safetensors
Wan2.2-TI2V-5B,default,blocks.26.cross_attn.q.bias,[3072],F32,diffusion_pytorch_model-00002-of-00003.safetensors
Wan2.2-TI2V-5B,default,blocks.26.cross_attn.q.weight,[3072, 3072],F32,diffusion_pytorch_model-00002-of-00003.safetensors
Wan2.2-TI2V-5B,default,blocks.26.cross_attn.v.bias,[3072],F32,diffusion_pytorch_model-00002-of-00003.safetensors
Wan2.2-TI2V-5B,default,blocks.26.cross_attn.v.weight,[3072, 3072],F32,diffusion_pytorch_model-00002-of-00003.safetensors
Wan2.2-TI2V-5B,default,blocks.26.ffn.0.bias,[14336],F32,diffusion_pytorch_model-00002-of-00003.safetensors
Wan2.2-TI2V-5B,default,blocks.26.ffn.0.weight,[14336, 3072],F32,diffusion_pytorch_model-00002-of-00003.safetensors
Wan2.2-TI2V-5B,default,blocks.26.ffn.2.bias,[3072],F32,diffusion_pytorch_model-00002-of-00003.safetensors
Wan2.2-TI2V-5B,default,blocks.26.ffn.2.weight,[3072, 14336],F32,diffusion_pytorch_model-00002-of-00003.safetensors
Wan2.2-TI2V-5B,default,blocks.26.modulation,[1, 6, 3072],F32,diffusion_pytorch_model-00002-of-00003.safetensors
Wan2.2-TI2V-5B,default,blocks.26.norm3.bias,[3072],F32,diffusion_pytorch_model-00002-of-00003.safetensors
Wan2.2-TI2V-5B,default,blocks.26.norm3.weight,[3072],F32,diffusion_pytorch_model-00002-of-00003.safetensors
Wan2.2-TI2V-5B,default,blocks.26.self_attn.k.bias,[3072],F32,diffusion_pytorch_model-00002-of-00003.safetensors
Wan2.2-TI2V-5B,default,blocks.26.self_attn.k.weight,[3072, 3072],F32,diffusion_pytorch_model-00002-of-00003.safetensors
Wan2.2-TI2V-5B,default,blocks.26.self_attn.norm_k.weight,[3072],F32,diffusion_pytorch_model-00002-of-00003.safetensors
Wan2.2-TI2V-5B,default,blocks.26.self_attn.norm_q.weight,[3072],F32,diffusion_pytorch_model-00002-of-00003.safetensors
Wan2.2-TI2V-5B,default,blocks.26.self_attn.o.bias,[3072],F32,diffusion_pytorch_model-00002-of-00003.safetensors
Wan2.2-TI2V-5B,default,blocks.26.self_attn.o.weight,[3072, 3072],F32,diffusion_pytorch_model-00002-of-00003.safetensors
Wan2.2-TI2V-5B,default,blocks.26.self_attn.q.bias,[3072],F32,diffusion_pytorch_model-00002-of-00003.safetensors
Wan2.2-TI2V-5B,default,blocks.26.self_attn.q.weight,[3072, 3072],F32,diffusion_pytorch_model-00002-of-00003.safetensors
Wan2.2-TI2V-5B,default,blocks.26.self_attn.v.bias,[3072],F32,diffusion_pytorch_model-00002-of-00003.safetensors
Wan2.2-TI2V-5B,default,blocks.26.self_attn.v.weight,[3072, 3072],F32,diffusion_pytorch_model-00002-of-00003.safetensors
Wan2.2-TI2V-5B,default,blocks.27.cross_attn.k.bias,[3072],F32,diffusion_pytorch_model-00002-of-00003.safetensors
Wan2.2-TI2V-5B,default,blocks.27.cross_attn.k.weight,[3072, 3072],F32,diffusion_pytorch_model-00002-of-00003.safetensors
Wan2.2-TI2V-5B,default,blocks.27.cross_attn.norm_k.weight,[3072],F32,diffusion_pytorch_model-00002-of-00003.safetensors
Wan2.2-TI2V-5B,default,blocks.27.cross_attn.norm_q.weight,[3072],F32,diffusion_pytorch_model-00002-of-00003.safetensors
Wan2.2-TI2V-5B,default,blocks.27.cross_attn.o.bias,[3072],F32,diffusion_pytorch_model-00002-of-00003.safetensors
Wan2.2-TI2V-5B,default,blocks.27.cross_attn.o.weight,[3072, 3072],F32,diffusion_pytorch_model-00002-of-00003.safetensors
Wan2.2-TI2V-5B,default,blocks.27.cross_attn.q.bias,[3072],F32,diffusion_pytorch_model-00002-of-00003.safetensors
Wan2.2-TI2V-5B,default,blocks.27.cross_attn.q.weight,[3072, 3072],F32,diffusion_pytorch_model-00002-of-00003.safetensors
Wan2.2-TI2V-5B,default,blocks.27.cross_attn.v.bias,[3072],F32,diffusion_pytorch_model-00002-of-00003.safetensors
Wan2.2-TI2V-5B,default,blocks.27.cross_attn.v.weight,[3072, 3072],F32,diffusion_pytorch_model-00002-of-00003.safetensors
Wan2.2-TI2V-5B,default,blocks.27.ffn.0.bias,[14336],F32,diffusion_pytorch_model-00002-of-00003.safetensors
Wan2.2-TI2V-5B,default,blocks.27.ffn.0.weight,[14336, 3072],F32,diffusion_pytorch_model-00002-of-00003.safetensors
Wan2.2-TI2V-5B,default,blocks.27.ffn.2.bias,[3072],F32,diffusion_pytorch_model-00002-of-00003.safetensors
Wan2.2-TI2V-5B,default,blocks.27.ffn.2.weight,[3072, 14336],F32,diffusion_pytorch_model-00002-of-00003.safetensors
Wan2.2-TI2V-5B,default,blocks.27.modulation,[1, 6, 3072],F32,diffusion_pytorch_model-00002-of-00003.safetensors
Wan2.2-TI2V-5B,default,blocks.27.norm3.bias,[3072],F32,diffusion_pytorch_model-00002-of-00003.safetensors
Wan2.2-TI2V-5B,default,blocks.27.norm3.weight,[3072],F32,diffusion_pytorch_model-00002-of-00003.safetensors
Wan2.2-TI2V-5B,default,blocks.27.self_attn.k.bias,[3072],F32,diffusion_pytorch_model-00002-of-00003.safetensors
Wan2.2-TI2V-5B,default,blocks.27.self_attn.k.weight,[3072, 3072],F32,diffusion_pytorch_model-00002-of-00003.safetensors
Wan2.2-TI2V-5B,default,blocks.27.self_attn.norm_k.weight,[3072],F32,diffusion_pytorch_model-00002-of-00003.safetensors
Wan2.2-TI2V-5B,default,blocks.27.self_attn.norm_q.weight,[3072],F32,diffusion_pytorch_model-00002-of-00003.safetensors
Wan2.2-TI2V-5B,default,blocks.27.self_attn.o.bias,[3072],F32,diffusion_pytorch_model-00002-of-00003.safetensors
Wan2.2-TI2V-5B,default,blocks.27.self_attn.o.weight,[3072, 3072],F32,diffusion_pytorch_model-00002-of-00003.safetensors
Wan2.2-TI2V-5B,default,blocks.27.self_attn.q.bias,[3072],F32,diffusion_pytorch_model-00002-of-00003.safetensors
Wan2.2-TI2V-5B,default,blocks.27.self_attn.q.weight,[3072, 3072],F32,diffusion_pytorch_model-00002-of-00003.safetensors
Wan2.2-TI2V-5B,default,blocks.27.self_attn.v.bias,[3072],F32,diffusion_pytorch_model-00002-of-00003.safetensors
Wan2.2-TI2V-5B,default,blocks.27.self_attn.v.weight,[3072, 3072],F32,diffusion_pytorch_model-00002-of-00003.safetensors
Wan2.2-TI2V-5B,default,blocks.28.cross_attn.k.bias,[3072],F32,diffusion_pytorch_model-00002-of-00003.safetensors
Wan2.2-TI2V-5B,default,blocks.28.cross_attn.k.weight,[3072, 3072],F32,diffusion_pytorch_model-00002-of-00003.safetensors
Wan2.2-TI2V-5B,default,blocks.28.cross_attn.norm_k.weight,[3072],F32,diffusion_pytorch_model-00002-of-00003.safetensors
Wan2.2-TI2V-5B,default,blocks.28.cross_attn.norm_q.weight,[3072],F32,diffusion_pytorch_model-00002-of-00003.safetensors
Wan2.2-TI2V-5B,default,blocks.28.cross_attn.o.bias,[3072],F32,diffusion_pytorch_model-00002-of-00003.safetensors
Wan2.2-TI2V-5B,default,blocks.28.cross_attn.o.weight,[3072, 3072],F32,diffusion_pytorch_model-00002-of-00003.safetensors
Wan2.2-TI2V-5B,default,blocks.28.cross_attn.q.bias,[3072],F32,diffusion_pytorch_model-00002-of-00003.safetensors
Wan2.2-TI2V-5B,default,blocks.28.cross_attn.q.weight,[3072, 3072],F32,diffusion_pytorch_model-00002-of-00003.safetensors
Wan2.2-TI2V-5B,default,blocks.28.cross_attn.v.bias,[3072],F32,diffusion_pytorch_model-00002-of-00003.safetensors
Wan2.2-TI2V-5B,default,blocks.28.cross_attn.v.weight,[3072, 3072],F32,diffusion_pytorch_model-00002-of-00003.safetensors
Wan2.2-TI2V-5B,default,blocks.28.ffn.0.bias,[14336],F32,diffusion_pytorch_model-00002-of-00003.safetensors
Wan2.2-TI2V-5B,default,blocks.28.ffn.0.weight,[14336, 3072],F32,diffusion_pytorch_model-00002-of-00003.safetensors
Wan2.2-TI2V-5B,default,blocks.28.ffn.2.bias,[3072],F32,diffusion_pytorch_model-00002-of-00003.safetensors
Wan2.2-TI2V-5B,default,blocks.28.ffn.2.weight,[3072, 14336],F32,diffusion_pytorch_model-00002-of-00003.safetensors
Wan2.2-TI2V-5B,default,blocks.28.modulation,[1, 6, 3072],F32,diffusion_pytorch_model-00002-of-00003.safetensors
Wan2.2-TI2V-5B,default,blocks.28.norm3.bias,[3072],F32,diffusion_pytorch_model-00002-of-00003.safetensors
Wan2.2-TI2V-5B,default,blocks.28.norm3.weight,[3072],F32,diffusion_pytorch_model-00002-of-00003.safetensors
Wan2.2-TI2V-5B,default,blocks.28.self_attn.k.bias,[3072],F32,diffusion_pytorch_model-00002-of-00003.safetensors
Wan2.2-TI2V-5B,default,blocks.28.self_attn.k.weight,[3072, 3072],F32,diffusion_pytorch_model-00002-of-00003.safetensors
Wan2.2-TI2V-5B,default,blocks.28.self_attn.norm_k.weight,[3072],F32,diffusion_pytorch_model-00002-of-00003.safetensors
Wan2.2-TI2V-5B,default,blocks.28.self_attn.norm_q.weight,[3072],F32,diffusion_pytorch_model-00002-of-00003.safetensors
Wan2.2-TI2V-5B,default,blocks.28.self_attn.o.bias,[3072],F32,diffusion_pytorch_model-00002-of-00003.safetensors
Wan2.2-TI2V-5B,default,blocks.28.self_attn.o.weight,[3072, 3072],F32,diffusion_pytorch_model-00002-of-00003.safetensors
Wan2.2-TI2V-5B,default,blocks.28.self_attn.q.bias,[3072],F32,diffusion_pytorch_model-00002-of-00003.safetensors
Wan2.2-TI2V-5B,default,blocks.28.self_attn.q.weight,[3072, 3072],F32,diffusion_pytorch_model-00002-of-00003.safetensors
Wan2.2-TI2V-5B,default,blocks.28.self_attn.v.bias,[3072],F32,diffusion_pytorch_model-00002-of-00003.safetensors
Wan2.2-TI2V-5B,default,blocks.28.self_attn.v.weight,[3072, 3072],F32,diffusion_pytorch_model-00002-of-00003.safetensors
Wan2.2-TI2V-5B,default,blocks.29.cross_attn.k.bias,[3072],F32,diffusion_pytorch_model-00002-of-00003.safetensors
Wan2.2-TI2V-5B,default,blocks.29.cross_attn.k.weight,[3072, 3072],F32,diffusion_pytorch_model-00002-of-00003.safetensors
Wan2.2-TI2V-5B,default,blocks.29.cross_attn.norm_k.weight,[3072],F32,diffusion_pytorch_model-00002-of-00003.safetensors
Wan2.2-TI2V-5B,default,blocks.29.cross_attn.norm_q.weight,[3072],F32,diffusion_pytorch_model-00002-of-00003.safetensors
Wan2.2-TI2V-5B,default,blocks.29.cross_attn.o.bias,[3072],F32,diffusion_pytorch_model-00002-of-00003.safetensors
Wan2.2-TI2V-5B,default,blocks.29.cross_attn.o.weight,[3072, 3072],F32,diffusion_pytorch_model-00002-of-00003.safetensors
Wan2.2-TI2V-5B,default,blocks.29.cross_attn.q.bias,[3072],F32,diffusion_pytorch_model-00002-of-00003.safetensors
Wan2.2-TI2V-5B,default,blocks.29.cross_attn.q.weight,[3072, 3072],F32,diffusion_pytorch_model-00002-of-00003.safetensors
Wan2.2-TI2V-5B,default,blocks.29.cross_attn.v.bias,[3072],F32,diffusion_pytorch_model-00002-of-00003.safetensors
Wan2.2-TI2V-5B,default,blocks.29.cross_attn.v.weight,[3072, 3072],F32,diffusion_pytorch_model-00002-of-00003.safetensors
Wan2.2-TI2V-5B,default,blocks.29.ffn.0.bias,[14336],F32,diffusion_pytorch_model-00002-of-00003.safetensors
Wan2.2-TI2V-5B,default,blocks.29.ffn.0.weight,[14336, 3072],F32,diffusion_pytorch_model-00002-of-00003.safetensors
Wan2.2-TI2V-5B,default,blocks.29.ffn.2.bias,[3072],F32,diffusion_pytorch_model-00003-of-00003.safetensors
Wan2.2-TI2V-5B,default,blocks.29.ffn.2.weight,[3072, 14336],F32,diffusion_pytorch_model-00003-of-00003.safetensors
Wan2.2-TI2V-5B,default,blocks.29.modulation,[1, 6, 3072],F32,diffusion_pytorch_model-00002-of-00003.safetensors
Wan2.2-TI2V-5B,default,blocks.29.norm3.bias,[3072],F32,diffusion_pytorch_model-00002-of-00003.safetensors
Wan2.2-TI2V-5B,default,blocks.29.norm3.weight,[3072],F32,diffusion_pytorch_model-00002-of-00003.safetensors
Wan2.2-TI2V-5B,default,blocks.29.self_attn.k.bias,[3072],F32,diffusion_pytorch_model-00002-of-00003.safetensors
Wan2.2-TI2V-5B,default,blocks.29.self_attn.k.weight,[3072, 3072],F32,diffusion_pytorch_model-00002-of-00003.safetensors
Wan2.2-TI2V-5B,default,blocks.29.self_attn.norm_k.weight,[3072],F32,diffusion_pytorch_model-00002-of-00003.safetensors
Wan2.2-TI2V-5B,default,blocks.29.self_attn.norm_q.weight,[3072],F32,diffusion_pytorch_model-00002-of-00003.safetensors
Wan2.2-TI2V-5B,default,blocks.29.self_attn.o.bias,[3072],F32,diffusion_pytorch_model-00002-of-00003.safetensors
Wan2.2-TI2V-5B,default,blocks.29.self_attn.o.weight,[3072, 3072],F32,diffusion_pytorch_model-00002-of-00003.safetensors
Wan2.2-TI2V-5B,default,blocks.29.self_attn.q.bias,[3072],F32,diffusion_pytorch_model-00002-of-00003.safetensors
Wan2.2-TI2V-5B,default,blocks.29.self_attn.q.weight,[3072, 3072],F32,diffusion_pytorch_model-00002-of-00003.safetensors
Wan2.2-TI2V-5B,default,blocks.29.self_attn.v.bias,[3072],F32,diffusion_pytorch_model-00002-of-00003.safetensors
Wan2.2-TI2V-5B,default,blocks.29.self_attn.v.weight,[3072, 3072],F32,diffusion_pytorch_model-00002-of-00003.safetensors
Wan2.2-TI2V-5B,default,blocks.3.cross_attn.k.bias,[3072],F32,diffusion_pytorch_model-00001-of-00003.safetensors
Wan2.2-TI2V-5B,default,blocks.3.cross_attn.k.weight,[3072, 3072],F32,diffusion_pytorch_model-00001-of-00003.safetensors
Wan2.2-TI2V-5B,default,blocks.3.cross_attn.norm_k.weight,[3072],F32,diffusion_pytorch_model-00001-of-00003.safetensors
Wan2.2-TI2V-5B,default,blocks.3.cross_attn.norm_q.weight,[3072],F32,diffusion_pytorch_model-00001-of-00003.safetensors
Wan2.2-TI2V-5B,default,blocks.3.cross_attn.o.bias,[3072],F32,diffusion_pytorch_model-00001-of-00003.safetensors
Wan2.2-TI2V-5B,default,blocks.3.cross_attn.o.weight,[3072, 3072],F32,diffusion_pytorch_model-00001-of-00003.safetensors
Wan2.2-TI2V-5B,default,blocks.3.cross_attn.q.bias,[3072],F32,diffusion_pytorch_model-00001-of-00003.safetensors
Wan2.2-TI2V-5B,default,blocks.3.cross_attn.q.weight,[3072, 3072],F32,diffusion_pytorch_model-00001-of-00003.safetensors
Wan2.2-TI2V-5B,default,blocks.3.cross_attn.v.bias,[3072],F32,diffusion_pytorch_model-00001-of-00003.safetensors
Wan2.2-TI2V-5B,default,blocks.3.cross_attn.v.weight,[3072, 3072],F32,diffusion_pytorch_model-00001-of-00003.safetensors
Wan2.2-TI2V-5B,default,blocks.3.ffn.0.bias,[14336],F32,diffusion_pytorch_model-00001-of-00003.safetensors
Wan2.2-TI2V-5B,default,blocks.3.ffn.0.weight,[14336, 3072],F32,diffusion_pytorch_model-00001-of-00003.safetensors
Wan2.2-TI2V-5B,default,blocks.3.ffn.2.bias,[3072],F32,diffusion_pytorch_model-00001-of-00003.safetensors
Wan2.2-TI2V-5B,default,blocks.3.ffn.2.weight,[3072, 14336],F32,diffusion_pytorch_model-00001-of-00003.safetensors
Wan2.2-TI2V-5B,default,blocks.3.modulation,[1, 6, 3072],F32,diffusion_pytorch_model-00001-of-00003.safetensors
Wan2.2-TI2V-5B,default,blocks.3.norm3.bias,[3072],F32,diffusion_pytorch_model-00001-of-00003.safetensors
Wan2.2-TI2V-5B,default,blocks.3.norm3.weight,[3072],F32,diffusion_pytorch_model-00001-of-00003.safetensors
Wan2.2-TI2V-5B,default,blocks.3.self_attn.k.bias,[3072],F32,diffusion_pytorch_model-00001-of-00003.safetensors
Wan2.2-TI2V-5B,default,blocks.3.self_attn.k.weight,[3072, 3072],F32,diffusion_pytorch_model-00001-of-00003.safetensors
Wan2.2-TI2V-5B,default,blocks.3.self_attn.norm_k.weight,[3072],F32,diffusion_pytorch_model-00001-of-00003.safetensors
Wan2.2-TI2V-5B,default,blocks.3.self_attn.norm_q.weight,[3072],F32,diffusion_pytorch_model-00001-of-00003.safetensors
Wan2.2-TI2V-5B,default,blocks.3.self_attn.o.bias,[3072],F32,diffusion_pytorch_model-00001-of-00003.safetensors
Wan2.2-TI2V-5B,default,blocks.3.self_attn.o.weight,[3072, 3072],F32,diffusion_pytorch_model-00001-of-00003.safetensors
Wan2.2-TI2V-5B,default,blocks.3.self_attn.q.bias,[3072],F32,diffusion_pytorch_model-00001-of-00003.safetensors
Wan2.2-TI2V-5B,default,blocks.3.self_attn.q.weight,[3072, 3072],F32,diffusion_pytorch_model-00001-of-00003.safetensors
Wan2.2-TI2V-5B,default,blocks.3.self_attn.v.bias,[3072],F32,diffusion_pytorch_model-00001-of-00003.safetensors
Wan2.2-TI2V-5B,default,blocks.3.self_attn.v.weight,[3072, 3072],F32,diffusion_pytorch_model-00001-of-00003.safetensors
Wan2.2-TI2V-5B,default,blocks.4.cross_attn.k.bias,[3072],F32,diffusion_pytorch_model-00001-of-00003.safetensors
Wan2.2-TI2V-5B,default,blocks.4.cross_attn.k.weight,[3072, 3072],F32,diffusion_pytorch_model-00001-of-00003.safetensors
Wan2.2-TI2V-5B,default,blocks.4.cross_attn.norm_k.weight,[3072],F32,diffusion_pytorch_model-00001-of-00003.safetensors
Wan2.2-TI2V-5B,default,blocks.4.cross_attn.norm_q.weight,[3072],F32,diffusion_pytorch_model-00001-of-00003.safetensors
Wan2.2-TI2V-5B,default,blocks.4.cross_attn.o.bias,[3072],F32,diffusion_pytorch_model-00001-of-00003.safetensors
Wan2.2-TI2V-5B,default,blocks.4.cross_attn.o.weight,[3072, 3072],F32,diffusion_pytorch_model-00001-of-00003.safetensors
Wan2.2-TI2V-5B,default,blocks.4.cross_attn.q.bias,[3072],F32,diffusion_pytorch_model-00001-of-00003.safetensors
Wan2.2-TI2V-5B,default,blocks.4.cross_attn.q.weight,[3072, 3072],F32,diffusion_pytorch_model-00001-of-00003.safetensors
Wan2.2-TI2V-5B,default,blocks.4.cross_attn.v.bias,[3072],F32,diffusion_pytorch_model-00001-of-00003.safetensors
Wan2.2-TI2V-5B,default,blocks.4.cross_attn.v.weight,[3072, 3072],F32,diffusion_pytorch_model-00001-of-00003.safetensors
Wan2.2-TI2V-5B,default,blocks.4.ffn.0.bias,[14336],F32,diffusion_pytorch_model-00001-of-00003.safetensors
Wan2.2-TI2V-5B,default,blocks.4.ffn.0.weight,[14336, 3072],F32,diffusion_pytorch_model-00001-of-00003.safetensors
Wan2.2-TI2V-5B,default,blocks.4.ffn.2.bias,[3072],F32,diffusion_pytorch_model-00001-of-00003.safetensors
Wan2.2-TI2V-5B,default,blocks.4.ffn.2.weight,[3072, 14336],F32,diffusion_pytorch_model-00001-of-00003.safetensors
Wan2.2-TI2V-5B,default,blocks.4.modulation,[1, 6, 3072],F32,diffusion_pytorch_model-00001-of-00003.safetensors
Wan2.2-TI2V-5B,default,blocks.4.norm3.bias,[3072],F32,diffusion_pytorch_model-00001-of-00003.safetensors
Wan2.2-TI2V-5B,default,blocks.4.norm3.weight,[3072],F32,diffusion_pytorch_model-00001-of-00003.safetensors
Wan2.2-TI2V-5B,default,blocks.4.self_attn.k.bias,[3072],F32,diffusion_pytorch_model-00001-of-00003.safetensors
Wan2.2-TI2V-5B,default,blocks.4.self_attn.k.weight,[3072, 3072],F32,diffusion_pytorch_model-00001-of-00003.safetensors
Wan2.2-TI2V-5B,default,blocks.4.self_attn.norm_k.weight,[3072],F32,diffusion_pytorch_model-00001-of-00003.safetensors
Wan2.2-TI2V-5B,default,blocks.4.self_attn.norm_q.weight,[3072],F32,diffusion_pytorch_model-00001-of-00003.safetensors
Wan2.2-TI2V-5B,default,blocks.4.self_attn.o.bias,[3072],F32,diffusion_pytorch_model-00001-of-00003.safetensors
Wan2.2-TI2V-5B,default,blocks.4.self_attn.o.weight,[3072, 3072],F32,diffusion_pytorch_model-00001-of-00003.safetensors
Wan2.2-TI2V-5B,default,blocks.4.self_attn.q.bias,[3072],F32,diffusion_pytorch_model-00001-of-00003.safetensors
Wan2.2-TI2V-5B,default,blocks.4.self_attn.q.weight,[3072, 3072],F32,diffusion_pytorch_model-00001-of-00003.safetensors
Wan2.2-TI2V-5B,default,blocks.4.self_attn.v.bias,[3072],F32,diffusion_pytorch_model-00001-of-00003.safetensors
Wan2.2-TI2V-5B,default,blocks.4.self_attn.v.weight,[3072, 3072],F32,diffusion_pytorch_model-00001-of-00003.safetensors
Wan2.2-TI2V-5B,default,blocks.5.cross_attn.k.bias,[3072],F32,diffusion_pytorch_model-00001-of-00003.safetensors
Wan2.2-TI2V-5B,default,blocks.5.cross_attn.k.weight,[3072, 3072],F32,diffusion_pytorch_model-00001-of-00003.safetensors
Wan2.2-TI2V-5B,default,blocks.5.cross_attn.norm_k.weight,[3072],F32,diffusion_pytorch_model-00001-of-00003.safetensors
Wan2.2-TI2V-5B,default,blocks.5.cross_attn.norm_q.weight,[3072],F32,diffusion_pytorch_model-00001-of-00003.safetensors
Wan2.2-TI2V-5B,default,blocks.5.cross_attn.o.bias,[3072],F32,diffusion_pytorch_model-00001-of-00003.safetensors
Wan2.2-TI2V-5B,default,blocks.5.cross_attn.o.weight,[3072, 3072],F32,diffusion_pytorch_model-00001-of-00003.safetensors
Wan2.2-TI2V-5B,default,blocks.5.cross_attn.q.bias,[3072],F32,diffusion_pytorch_model-00001-of-00003.safetensors
Wan2.2-TI2V-5B,default,blocks.5.cross_attn.q.weight,[3072, 3072],F32,diffusion_pytorch_model-00001-of-00003.safetensors
Wan2.2-TI2V-5B,default,blocks.5.cross_attn.v.bias,[3072],F32,diffusion_pytorch_model-00001-of-00003.safetensors
Wan2.2-TI2V-5B,default,blocks.5.cross_attn.v.weight,[3072, 3072],F32,diffusion_pytorch_model-00001-of-00003.safetensors
Wan2.2-TI2V-5B,default,blocks.5.ffn.0.bias,[14336],F32,diffusion_pytorch_model-00001-of-00003.safetensors
Wan2.2-TI2V-5B,default,blocks.5.ffn.0.weight,[14336, 3072],F32,diffusion_pytorch_model-00001-of-00003.safetensors
Wan2.2-TI2V-5B,default,blocks.5.ffn.2.bias,[3072],F32,diffusion_pytorch_model-00001-of-00003.safetensors
Wan2.2-TI2V-5B,default,blocks.5.ffn.2.weight,[3072, 14336],F32,diffusion_pytorch_model-00001-of-00003.safetensors
Wan2.2-TI2V-5B,default,blocks.5.modulation,[1, 6, 3072],F32,diffusion_pytorch_model-00001-of-00003.safetensors
Wan2.2-TI2V-5B,default,blocks.5.norm3.bias,[3072],F32,diffusion_pytorch_model-00001-of-00003.safetensors
Wan2.2-TI2V-5B,default,blocks.5.norm3.weight,[3072],F32,diffusion_pytorch_model-00001-of-00003.safetensors
Wan2.2-TI2V-5B,default,blocks.5.self_attn.k.bias,[3072],F32,diffusion_pytorch_model-00001-of-00003.safetensors
Wan2.2-TI2V-5B,default,blocks.5.self_attn.k.weight,[3072, 3072],F32,diffusion_pytorch_model-00001-of-00003.safetensors
Wan2.2-TI2V-5B,default,blocks.5.self_attn.norm_k.weight,[3072],F32,diffusion_pytorch_model-00001-of-00003.safetensors
Wan2.2-TI2V-5B,default,blocks.5.self_attn.norm_q.weight,[3072],F32,diffusion_pytorch_model-00001-of-00003.safetensors
Wan2.2-TI2V-5B,default,blocks.5.self_attn.o.bias,[3072],F32,diffusion_pytorch_model-00001-of-00003.safetensors
Wan2.2-TI2V-5B,default,blocks.5.self_attn.o.weight,[3072, 3072],F32,diffusion_pytorch_model-00001-of-00003.safetensors
Wan2.2-TI2V-5B,default,blocks.5.self_attn.q.bias,[3072],F32,diffusion_pytorch_model-00001-of-00003.safetensors
Wan2.2-TI2V-5B,default,blocks.5.self_attn.q.weight,[3072, 3072],F32,diffusion_pytorch_model-00001-of-00003.safetensors
Wan2.2-TI2V-5B,default,blocks.5.self_attn.v.bias,[3072],F32,diffusion_pytorch_model-00001-of-00003.safetensors
Wan2.2-TI2V-5B,default,blocks.5.self_attn.v.weight,[3072, 3072],F32,diffusion_pytorch_model-00001-of-00003.safetensors
Wan2.2-TI2V-5B,default,blocks.6.cross_attn.k.bias,[3072],F32,diffusion_pytorch_model-00001-of-00003.safetensors
Wan2.2-TI2V-5B,default,blocks.6.cross_attn.k.weight,[3072, 3072],F32,diffusion_pytorch_model-00001-of-00003.safetensors
Wan2.2-TI2V-5B,default,blocks.6.cross_attn.norm_k.weight,[3072],F32,diffusion_pytorch_model-00001-of-00003.safetensors
Wan2.2-TI2V-5B,default,blocks.6.cross_attn.norm_q.weight,[3072],F32,diffusion_pytorch_model-00001-of-00003.safetensors
Wan2.2-TI2V-5B,default,blocks.6.cross_attn.o.bias,[3072],F32,diffusion_pytorch_model-00001-of-00003.safetensors
Wan2.2-TI2V-5B,default,blocks.6.cross_attn.o.weight,[3072, 3072],F32,diffusion_pytorch_model-00001-of-00003.safetensors
Wan2.2-TI2V-5B,default,blocks.6.cross_attn.q.bias,[3072],F32,diffusion_pytorch_model-00001-of-00003.safetensors
Wan2.2-TI2V-5B,default,blocks.6.cross_attn.q.weight,[3072, 3072],F32,diffusion_pytorch_model-00001-of-00003.safetensors
Wan2.2-TI2V-5B,default,blocks.6.cross_attn.v.bias,[3072],F32,diffusion_pytorch_model-00001-of-00003.safetensors
Wan2.2-TI2V-5B,default,blocks.6.cross_attn.v.weight,[3072, 3072],F32,diffusion_pytorch_model-00001-of-00003.safetensors
Wan2.2-TI2V-5B,default,blocks.6.ffn.0.bias,[14336],F32,diffusion_pytorch_model-00001-of-00003.safetensors
Wan2.2-TI2V-5B,default,blocks.6.ffn.0.weight,[14336, 3072],F32,diffusion_pytorch_model-00001-of-00003.safetensors
Wan2.2-TI2V-5B,default,blocks.6.ffn.2.bias,[3072],F32,diffusion_pytorch_model-00001-of-00003.safetensors
Wan2.2-TI2V-5B,default,blocks.6.ffn.2.weight,[3072, 14336],F32,diffusion_pytorch_model-00001-of-00003.safetensors
Wan2.2-TI2V-5B,default,blocks.6.modulation,[1, 6, 3072],F32,diffusion_pytorch_model-00001-of-00003.safetensors
Wan2.2-TI2V-5B,default,blocks.6.norm3.bias,[3072],F32,diffusion_pytorch_model-00001-of-00003.safetensors
Wan2.2-TI2V-5B,default,blocks.6.norm3.weight,[3072],F32,diffusion_pytorch_model-00001-of-00003.safetensors
Wan2.2-TI2V-5B,default,blocks.6.self_attn.k.bias,[3072],F32,diffusion_pytorch_model-00001-of-00003.safetensors
Wan2.2-TI2V-5B,default,blocks.6.self_attn.k.weight,[3072, 3072],F32,diffusion_pytorch_model-00001-of-00003.safetensors
Wan2.2-TI2V-5B,default,blocks.6.self_attn.norm_k.weight,[3072],F32,diffusion_pytorch_model-00001-of-00003.safetensors
Wan2.2-TI2V-5B,default,blocks.6.self_attn.norm_q.weight,[3072],F32,diffusion_pytorch_model-00001-of-00003.safetensors
Wan2.2-TI2V-5B,default,blocks.6.self_attn.o.bias,[3072],F32,diffusion_pytorch_model-00001-of-00003.safetensors
Wan2.2-TI2V-5B,default,blocks.6.self_attn.o.weight,[3072, 3072],F32,diffusion_pytorch_model-00001-of-00003.safetensors
Wan2.2-TI2V-5B,default,blocks.6.self_attn.q.bias,[3072],F32,diffusion_pytorch_model-00001-of-00003.safetensors
Wan2.2-TI2V-5B,default,blocks.6.self_attn.q.weight,[3072, 3072],F32,diffusion_pytorch_model-00001-of-00003.safetensors
Wan2.2-TI2V-5B,default,blocks.6.self_attn.v.bias,[3072],F32,diffusion_pytorch_model-00001-of-00003.safetensors
Wan2.2-TI2V-5B,default,blocks.6.self_attn.v.weight,[3072, 3072],F32,diffusion_pytorch_model-00001-of-00003.safetensors
Wan2.2-TI2V-5B,default,blocks.7.cross_attn.k.bias,[3072],F32,diffusion_pytorch_model-00001-of-00003.safetensors
Wan2.2-TI2V-5B,default,blocks.7.cross_attn.k.weight,[3072, 3072],F32,diffusion_pytorch_model-00001-of-00003.safetensors
Wan2.2-TI2V-5B,default,blocks.7.cross_attn.norm_k.weight,[3072],F32,diffusion_pytorch_model-00001-of-00003.safetensors
Wan2.2-TI2V-5B,default,blocks.7.cross_attn.norm_q.weight,[3072],F32,diffusion_pytorch_model-00001-of-00003.safetensors
Wan2.2-TI2V-5B,default,blocks.7.cross_attn.o.bias,[3072],F32,diffusion_pytorch_model-00001-of-00003.safetensors
Wan2.2-TI2V-5B,default,blocks.7.cross_attn.o.weight,[3072, 3072],F32,diffusion_pytorch_model-00001-of-00003.safetensors
Wan2.2-TI2V-5B,default,blocks.7.cross_attn.q.bias,[3072],F32,diffusion_pytorch_model-00001-of-00003.safetensors
Wan2.2-TI2V-5B,default,blocks.7.cross_attn.q.weight,[3072, 3072],F32,diffusion_pytorch_model-00001-of-00003.safetensors
Wan2.2-TI2V-5B,default,blocks.7.cross_attn.v.bias,[3072],F32,diffusion_pytorch_model-00001-of-00003.safetensors
Wan2.2-TI2V-5B,default,blocks.7.cross_attn.v.weight,[3072, 3072],F32,diffusion_pytorch_model-00001-of-00003.safetensors
Wan2.2-TI2V-5B,default,blocks.7.ffn.0.bias,[14336],F32,diffusion_pytorch_model-00001-of-00003.safetensors
Wan2.2-TI2V-5B,default,blocks.7.ffn.0.weight,[14336, 3072],F32,diffusion_pytorch_model-00001-of-00003.safetensors
Wan2.2-TI2V-5B,default,blocks.7.ffn.2.bias,[3072],F32,diffusion_pytorch_model-00001-of-00003.safetensors
Wan2.2-TI2V-5B,default,blocks.7.ffn.2.weight,[3072, 14336],F32,diffusion_pytorch_model-00001-of-00003.safetensors
Wan2.2-TI2V-5B,default,blocks.7.modulation,[1, 6, 3072],F32,diffusion_pytorch_model-00001-of-00003.safetensors
Wan2.2-TI2V-5B,default,blocks.7.norm3.bias,[3072],F32,diffusion_pytorch_model-00001-of-00003.safetensors
Wan2.2-TI2V-5B,default,blocks.7.norm3.weight,[3072],F32,diffusion_pytorch_model-00001-of-00003.safetensors
Wan2.2-TI2V-5B,default,blocks.7.self_attn.k.bias,[3072],F32,diffusion_pytorch_model-00001-of-00003.safetensors
Wan2.2-TI2V-5B,default,blocks.7.self_attn.k.weight,[3072, 3072],F32,diffusion_pytorch_model-00001-of-00003.safetensors
Wan2.2-TI2V-5B,default,blocks.7.self_attn.norm_k.weight,[3072],F32,diffusion_pytorch_model-00001-of-00003.safetensors
Wan2.2-TI2V-5B,default,blocks.7.self_attn.norm_q.weight,[3072],F32,diffusion_pytorch_model-00001-of-00003.safetensors
Wan2.2-TI2V-5B,default,blocks.7.self_attn.o.bias,[3072],F32,diffusion_pytorch_model-00001-of-00003.safetensors
Wan2.2-TI2V-5B,default,blocks.7.self_attn.o.weight,[3072, 3072],F32,diffusion_pytorch_model-00001-of-00003.safetensors
Wan2.2-TI2V-5B,default,blocks.7.self_attn.q.bias,[3072],F32,diffusion_pytorch_model-00001-of-00003.safetensors
Wan2.2-TI2V-5B,default,blocks.7.self_attn.q.weight,[3072, 3072],F32,diffusion_pytorch_model-00001-of-00003.safetensors
Wan2.2-TI2V-5B,default,blocks.7.self_attn.v.bias,[3072],F32,diffusion_pytorch_model-00001-of-00003.safetensors
Wan2.2-TI2V-5B,default,blocks.7.self_attn.v.weight,[3072, 3072],F32,diffusion_pytorch_model-00001-of-00003.safetensors
Wan2.2-TI2V-5B,default,blocks.8.cross_attn.k.bias,[3072],F32,diffusion_pytorch_model-00001-of-00003.safetensors
Wan2.2-TI2V-5B,default,blocks.8.cross_attn.k.weight,[3072, 3072],F32,diffusion_pytorch_model-00001-of-00003.safetensors
Wan2.2-TI2V-5B,default,blocks.8.cross_attn.norm_k.weight,[3072],F32,diffusion_pytorch_model-00001-of-00003.safetensors
Wan2.2-TI2V-5B,default,blocks.8.cross_attn.norm_q.weight,[3072],F32,diffusion_pytorch_model-00001-of-00003.safetensors
Wan2.2-TI2V-5B,default,blocks.8.cross_attn.o.bias,[3072],F32,diffusion_pytorch_model-00001-of-00003.safetensors
Wan2.2-TI2V-5B,default,blocks.8.cross_attn.o.weight,[3072, 3072],F32,diffusion_pytorch_model-00001-of-00003.safetensors
Wan2.2-TI2V-5B,default,blocks.8.cross_attn.q.bias,[3072],F32,diffusion_pytorch_model-00001-of-00003.safetensors
Wan2.2-TI2V-5B,default,blocks.8.cross_attn.q.weight,[3072, 3072],F32,diffusion_pytorch_model-00001-of-00003.safetensors
Wan2.2-TI2V-5B,default,blocks.8.cross_attn.v.bias,[3072],F32,diffusion_pytorch_model-00001-of-00003.safetensors
Wan2.2-TI2V-5B,default,blocks.8.cross_attn.v.weight,[3072, 3072],F32,diffusion_pytorch_model-00001-of-00003.safetensors
Wan2.2-TI2V-5B,default,blocks.8.ffn.0.bias,[14336],F32,diffusion_pytorch_model-00001-of-00003.safetensors
Wan2.2-TI2V-5B,default,blocks.8.ffn.0.weight,[14336, 3072],F32,diffusion_pytorch_model-00001-of-00003.safetensors
Wan2.2-TI2V-5B,default,blocks.8.ffn.2.bias,[3072],F32,diffusion_pytorch_model-00001-of-00003.safetensors
Wan2.2-TI2V-5B,default,blocks.8.ffn.2.weight,[3072, 14336],F32,diffusion_pytorch_model-00001-of-00003.safetensors
Wan2.2-TI2V-5B,default,blocks.8.modulation,[1, 6, 3072],F32,diffusion_pytorch_model-00001-of-00003.safetensors
Wan2.2-TI2V-5B,default,blocks.8.norm3.bias,[3072],F32,diffusion_pytorch_model-00001-of-00003.safetensors
Wan2.2-TI2V-5B,default,blocks.8.norm3.weight,[3072],F32,diffusion_pytorch_model-00001-of-00003.safetensors
Wan2.2-TI2V-5B,default,blocks.8.self_attn.k.bias,[3072],F32,diffusion_pytorch_model-00001-of-00003.safetensors
Wan2.2-TI2V-5B,default,blocks.8.self_attn.k.weight,[3072, 3072],F32,diffusion_pytorch_model-00001-of-00003.safetensors
Wan2.2-TI2V-5B,default,blocks.8.self_attn.norm_k.weight,[3072],F32,diffusion_pytorch_model-00001-of-00003.safetensors
Wan2.2-TI2V-5B,default,blocks.8.self_attn.norm_q.weight,[3072],F32,diffusion_pytorch_model-00001-of-00003.safetensors
Wan2.2-TI2V-5B,default,blocks.8.self_attn.o.bias,[3072],F32,diffusion_pytorch_model-00001-of-00003.safetensors
Wan2.2-TI2V-5B,default,blocks.8.self_attn.o.weight,[3072, 3072],F32,diffusion_pytorch_model-00001-of-00003.safetensors
Wan2.2-TI2V-5B,default,blocks.8.self_attn.q.bias,[3072],F32,diffusion_pytorch_model-00001-of-00003.safetensors
Wan2.2-TI2V-5B,default,blocks.8.self_attn.q.weight,[3072, 3072],F32,diffusion_pytorch_model-00001-of-00003.safetensors
Wan2.2-TI2V-5B,default,blocks.8.self_attn.v.bias,[3072],F32,diffusion_pytorch_model-00001-of-00003.safetensors
Wan2.2-TI2V-5B,default,blocks.8.self_attn.v.weight,[3072, 3072],F32,diffusion_pytorch_model-00001-of-00003.safetensors
Wan2.2-TI2V-5B,default,blocks.9.cross_attn.k.bias,[3072],F32,diffusion_pytorch_model-00001-of-00003.safetensors
Wan2.2-TI2V-5B,default,blocks.9.cross_attn.k.weight,[3072, 3072],F32,diffusion_pytorch_model-00001-of-00003.safetensors
Wan2.2-TI2V-5B,default,blocks.9.cross_attn.norm_k.weight,[3072],F32,diffusion_pytorch_model-00001-of-00003.safetensors
Wan2.2-TI2V-5B,default,blocks.9.cross_attn.norm_q.weight,[3072],F32,diffusion_pytorch_model-00001-of-00003.safetensors
Wan2.2-TI2V-5B,default,blocks.9.cross_attn.o.bias,[3072],F32,diffusion_pytorch_model-00001-of-00003.safetensors
Wan2.2-TI2V-5B,default,blocks.9.cross_attn.o.weight,[3072, 3072],F32,diffusion_pytorch_model-00001-of-00003.safetensors
Wan2.2-TI2V-5B,default,blocks.9.cross_attn.q.bias,[3072],F32,diffusion_pytorch_model-00001-of-00003.safetensors
Wan2.2-TI2V-5B,default,blocks.9.cross_attn.q.weight,[3072, 3072],F32,diffusion_pytorch_model-00001-of-00003.safetensors
Wan2.2-TI2V-5B,default,blocks.9.cross_attn.v.bias,[3072],F32,diffusion_pytorch_model-00001-of-00003.safetensors
Wan2.2-TI2V-5B,default,blocks.9.cross_attn.v.weight,[3072, 3072],F32,diffusion_pytorch_model-00001-of-00003.safetensors
Wan2.2-TI2V-5B,default,blocks.9.ffn.0.bias,[14336],F32,diffusion_pytorch_model-00001-of-00003.safetensors
Wan2.2-TI2V-5B,default,blocks.9.ffn.0.weight,[14336, 3072],F32,diffusion_pytorch_model-00001-of-00003.safetensors
Wan2.2-TI2V-5B,default,blocks.9.ffn.2.bias,[3072],F32,diffusion_pytorch_model-00001-of-00003.safetensors
Wan2.2-TI2V-5B,default,blocks.9.ffn.2.weight,[3072, 14336],F32,diffusion_pytorch_model-00001-of-00003.safetensors
Wan2.2-TI2V-5B,default,blocks.9.modulation,[1, 6, 3072],F32,diffusion_pytorch_model-00001-of-00003.safetensors
Wan2.2-TI2V-5B,default,blocks.9.norm3.bias,[3072],F32,diffusion_pytorch_model-00001-of-00003.safetensors
Wan2.2-TI2V-5B,default,blocks.9.norm3.weight,[3072],F32,diffusion_pytorch_model-00001-of-00003.safetensors
Wan2.2-TI2V-5B,default,blocks.9.self_attn.k.bias,[3072],F32,diffusion_pytorch_model-00001-of-00003.safetensors
Wan2.2-TI2V-5B,default,blocks.9.self_attn.k.weight,[3072, 3072],F32,diffusion_pytorch_model-00001-of-00003.safetensors
Wan2.2-TI2V-5B,default,blocks.9.self_attn.norm_k.weight,[3072],F32,diffusion_pytorch_model-00001-of-00003.safetensors
Wan2.2-TI2V-5B,default,blocks.9.self_attn.norm_q.weight,[3072],F32,diffusion_pytorch_model-00001-of-00003.safetensors
Wan2.2-TI2V-5B,default,blocks.9.self_attn.o.bias,[3072],F32,diffusion_pytorch_model-00001-of-00003.safetensors
Wan2.2-TI2V-5B,default,blocks.9.self_attn.o.weight,[3072, 3072],F32,diffusion_pytorch_model-00001-of-00003.safetensors
Wan2.2-TI2V-5B,default,blocks.9.self_attn.q.bias,[3072],F32,diffusion_pytorch_model-00001-of-00003.safetensors
Wan2.2-TI2V-5B,default,blocks.9.self_attn.q.weight,[3072, 3072],F32,diffusion_pytorch_model-00001-of-00003.safetensors
Wan2.2-TI2V-5B,default,blocks.9.self_attn.v.bias,[3072],F32,diffusion_pytorch_model-00001-of-00003.safetensors
Wan2.2-TI2V-5B,default,blocks.9.self_attn.v.weight,[3072, 3072],F32,diffusion_pytorch_model-00001-of-00003.safetensors
